season_label,season,player,nation,age,pos,pos_primary,squad,Matches Played,Minutes_total,market_value_in_eur,Goals,Assists,Goals & Assists,Non Penalty Goals,Penalty Kicks Made,Expected Goals,Exp NPG,Total Shots,% Shots on target,Shots p 90,Goals p 90,Assists p 90,Goals per shot,Goals per shot on target,Progressive Carries,Progressive Passes,Key passes,1/3,Passes into penalty area,Shot creating actions p 90,Goal creating actions p 90,Possessions lost,Errors made
2019-20,2019-2020,Tammy Abraham,England,21,FW,FW,Chelsea,34,2215,50000000.0,15,3,18,15,0,16.4,16.4,88,39.8,1.42,0.61,0.12,0.17,0.43,31,34,21,17,7,2.32,0.37,42,0
2019-20,2019-2020,Sergio Agüero,Argentina,31,FW,FW,Manchester City,24,1452,65000000.0,16,3,19,14,2,14.5,12.1,73,32.9,1.49,0.99,0.19,0.19,0.58,35,34,18,15,19,3.53,0.43,30,0
2019-20,2019-2020,Michail Antonio,Jamaica,29,FW,FW,West Ham,24,1768,12000000.0,10,3,13,9,1,12.9,12.1,67,44.8,1.53,0.51,0.15,0.13,0.3,53,39,25,18,17,3.61,0.46,45,0
2019-20,2019-2020,Pierre-Emerick Aubameyang,Gabon,30,FW,FW,Arsenal,36,3136,70000000.0,22,3,25,20,2,14.7,13.2,91,44.0,1.15,0.63,0.09,0.22,0.5,98,81,26,25,47,1.98,0.34,31,0
2019-20,2019-2020,Jordan Ayew,Ghana,27,FW,FW,Crystal Palace,37,3148,10000000.0,9,2,11,9,0,7.5,7.5,58,41.4,0.69,0.26,0.06,0.16,0.38,77,60,30,38,21,2.32,0.23,95,0
2019-20,2019-2020,Ashley Barnes,England,29,FW,FW,Burnley,19,1352,10000000.0,6,0,6,5,1,6.2,5.4,39,28.2,0.73,0.4,0.0,0.13,0.45,10,18,5,5,8,1.6,0.2,19,0
2019-20,2019-2020,Christian Benteke,Belgium,28,FW,FW,Crystal Palace,24,1261,13000000.0,2,1,3,2,0,5.1,5.1,41,46.3,1.36,0.14,0.07,0.05,0.11,22,28,19,15,12,3.0,0.43,23,1
2019-20,2019-2020,Dominic Calvert-Lewin,England,22,FW,FW,Everton,36,2626,22000000.0,13,1,14,13,0,15.3,15.3,85,44.7,1.3,0.45,0.03,0.15,0.34,40,50,15,31,14,1.92,0.07,23,0
2019-20,2019-2020,Todd Cantwell,England,21,FW,FW,Norwich City,37,2489,22000000.0,6,2,8,6,0,5.4,5.4,42,38.1,0.58,0.22,0.07,0.14,0.38,75,99,35,76,21,2.71,0.18,48,1
2019-20,2019-2020,Aaron Connolly,Ireland,19,FW,FW,Brighton,24,1258,4500000.0,3,1,4,3,0,4.0,4.0,38,34.2,0.93,0.21,0.07,0.08,0.23,21,10,6,9,2,1.93,0.36,20,0
2019-20,2019-2020,Troy Deeney,England,31,FW,FW,Watford,27,2225,8000000.0,10,2,12,5,5,10.5,5.8,39,41.0,0.65,0.4,0.08,0.13,0.31,12,81,29,51,20,2.59,0.16,26,0
2019-20,2019-2020,Gerard Deulofeu,Spain,25,FW,FW,Watford,28,2098,25000000.0,4,5,9,3,1,6.3,5.5,63,31.7,0.86,0.17,0.21,0.05,0.15,123,63,44,26,28,4.46,0.43,52,0
2019-20,2019-2020,Roberto Firmino,Brazil,27,FW,FW,Liverpool,38,2988,90000000.0,9,8,17,9,0,14.0,14.0,99,38.4,1.14,0.27,0.24,0.09,0.24,90,111,52,74,31,3.43,0.6,39,1
2019-20,2019-2020,Phil Foden,England,19,FW,FW,Manchester City,23,901,30000000.0,5,2,7,5,0,3.3,3.3,34,41.2,1.4,0.5,0.2,0.15,0.36,36,49,18,24,11,5.69,1.1,15,0
2019-20,2019-2020,Anwar El Ghazi,Netherlands,24,FW,FW,Aston Villa,34,2051,10000000.0,4,4,8,3,1,6.2,5.4,51,37.3,0.83,0.18,0.18,0.06,0.16,65,47,30,20,21,2.55,0.26,35,1
2019-20,2019-2020,Olivier Giroud,France,32,FW,FW,Chelsea,18,993,12000000.0,8,0,8,8,0,7.3,7.3,39,48.7,1.72,0.73,0.0,0.21,0.42,6,7,8,7,3,2.17,0.36,8,0
2019-20,2019-2020,Jack Grealish,England,23,FW,FW,Aston Villa,36,3233,35000000.0,8,6,14,8,0,6.8,6.0,72,31.9,0.64,0.22,0.17,0.11,0.35,212,197,91,102,68,5.51,0.5,59,1
2019-20,2019-2020,Mason Greenwood,England,17,FW,FW,Manchester Utd,31,1320,20000000.0,10,1,11,10,0,2.9,2.9,39,51.3,1.36,0.68,0.07,0.26,0.5,32,37,14,18,10,2.73,0.41,15,1
2019-20,2019-2020,Sébastien Haller,Ivory Coast,25,FW,FW,West Ham,32,2266,45000000.0,7,1,8,7,0,8.0,8.0,56,46.4,1.03,0.28,0.04,0.13,0.27,17,59,24,52,13,2.03,0.32,35,0
2019-20,2019-2020,Onel Hernández,cu CUB,26,FW,FW,Norwich City,26,1384,4000000.0,1,2,3,1,0,2.2,2.2,29,27.6,0.52,0.07,0.13,0.03,0.13,72,22,19,6,10,2.93,0.33,36,0
2019-20,2019-2020,Son Heung-min,South Korea,27,FW,FW,Tottenham,30,2476,80000000.0,11,10,21,11,0,8.9,8.0,80,46.3,1.34,0.4,0.36,0.14,0.3,90,71,41,40,25,3.6,0.69,57,1
2019-20,2019-2020,Kelechi Iheanacho,Nigeria,22,FW,FW,Leicester City,20,960,12000000.0,5,3,8,5,0,6.0,6.0,36,55.6,1.87,0.47,0.28,0.14,0.25,22,29,15,12,8,3.47,0.47,21,0
2019-20,2019-2020,Danny Ings,England,27,FW,FW,Southampton,38,2804,22000000.0,22,2,24,21,1,16.2,14.7,91,38.5,1.12,0.71,0.06,0.23,0.6,50,75,35,38,23,3.21,0.48,50,1
2019-20,2019-2020,Daniel James,Wales,21,FW,FW,Manchester Utd,33,2287,28000000.0,3,6,9,3,0,3.1,3.1,42,47.6,0.79,0.12,0.24,0.07,0.15,140,60,26,34,26,2.79,0.35,29,0
2019-20,2019-2020,Gabriel Jesus,Brazil,22,FW,FW,Manchester City,34,2030,70000000.0,14,7,21,14,0,18.2,17.4,100,45.0,2.0,0.62,0.31,0.14,0.31,55,37,32,21,12,3.24,0.49,33,0
2019-20,2019-2020,Raúl Jiménez,Mexico,28,FW,FW,Wolves,38,3236,50000000.0,17,6,23,13,4,16.6,13.4,114,34.2,1.08,0.47,0.17,0.11,0.33,89,102,48,67,25,2.7,0.36,67,1
2019-20,2019-2020,Joelinton,Brazil,22,FW,FW,Newcastle Utd,38,2683,30000000.0,2,2,4,2,0,5.5,5.5,50,30.0,0.5,0.07,0.07,0.04,0.13,47,56,30,38,13,2.38,0.17,60,0
2019-20,2019-2020,Diogo Jota,Portugal,22,FW,FW,Wolves,34,2284,35000000.0,7,1,8,7,0,11.5,11.5,69,37.7,1.02,0.28,0.04,0.1,0.27,131,68,29,41,20,4.02,0.28,57,2
2019-20,2019-2020,Harry Kane,England,26,FW,FW,Tottenham,29,2587,150000000.0,18,2,20,16,2,12.5,10.9,79,44.3,1.22,0.63,0.07,0.2,0.46,46,76,27,52,18,2.12,0.28,32,0
2019-20,2019-2020,Joshua King,Norway,27,FW,FW,Bournemouth,26,2011,20000000.0,6,4,10,3,3,6.5,4.1,23,43.5,0.45,0.27,0.18,0.13,0.3,60,46,30,21,18,2.73,0.36,54,0
2019-20,2019-2020,Alexandre Lacazette,France,28,FW,FW,Arsenal,30,1874,70000000.0,10,4,14,10,0,8.1,8.1,52,50.0,1.25,0.48,0.19,0.19,0.38,21,49,24,25,23,3.27,0.58,37,0
2019-20,2019-2020,Shane Long,Ireland,32,FW,FW,Southampton,26,1395,5000000.0,2,2,4,2,0,4.8,4.8,33,39.4,0.84,0.13,0.13,0.06,0.15,23,20,20,17,10,2.26,0.19,20,0
2019-20,2019-2020,Riyad Mahrez,Algeria,28,FW,FW,Manchester City,33,1944,60000000.0,11,9,20,10,1,7.8,7.0,73,41.1,1.39,0.51,0.42,0.14,0.33,118,120,60,43,73,6.86,1.39,33,2
2019-20,2019-2020,Sadio Mané,Senegal,27,FW,FW,Liverpool,35,2747,150000000.0,18,7,25,18,0,13.2,13.2,77,46.8,1.18,0.59,0.23,0.23,0.5,159,128,59,67,72,3.73,0.52,57,2
2019-20,2019-2020,Solly March,England,25,FW,FW,Brighton,19,1143,8000000.0,0,1,1,0,0,1.4,1.4,21,38.1,0.63,0.0,0.08,0.0,0.0,50,55,13,21,23,3.07,0.31,30,2
2019-20,2019-2020,Anthony Martial,France,23,FW,FW,Manchester Utd,32,2624,60000000.0,17,6,23,17,0,12.1,11.3,79,48.1,1.3,0.58,0.21,0.22,0.45,76,82,30,37,37,3.43,0.69,61,0
2019-20,2019-2020,Neal Maupay,France,22,FW,FW,Brighton,37,2766,22000000.0,10,3,13,9,1,13.4,11.8,94,38.3,1.17,0.33,0.1,0.1,0.25,63,66,25,35,23,2.38,0.23,56,0
2019-20,2019-2020,David McGoldrick,Ireland,31,FW,FW,Sheffield Utd,28,1815,2000000.0,2,2,4,2,0,8.0,8.0,46,43.5,0.99,0.1,0.1,0.04,0.1,29,43,17,29,11,2.08,0.3,27,0
2019-20,2019-2020,Wesley Moraes,Brazil,22,FW,FW,Aston Villa,21,1782,30000000.0,5,1,6,5,0,6.4,5.5,34,50.0,0.86,0.25,0.05,0.15,0.29,13,21,11,17,1,1.62,0.15,18,0
2019-20,2019-2020,Lucas Moura,Brazil,26,FW,FW,Tottenham,35,2242,40000000.0,4,4,8,4,0,5.6,5.6,56,25.0,0.56,0.16,0.16,0.07,0.29,79,69,34,41,32,3.61,0.36,74,0
2019-20,2019-2020,Lys Mousset,France,23,FW,FW,Sheffield Utd,30,1240,14000000.0,6,4,10,6,0,5.5,5.5,37,24.3,0.65,0.44,0.29,0.16,0.67,30,13,12,8,5,2.1,0.29,38,0
2019-20,2019-2020,Pedro Neto,Portugal,19,FW,FW,Wolves,29,939,7000000.0,3,3,6,3,0,2.2,2.2,17,35.3,0.58,0.29,0.29,0.18,0.5,53,23,14,9,7,3.26,0.48,18,0
2019-20,2019-2020,Nicolas Pépé,Ivory Coast,24,FW,FW,Arsenal,31,2010,75000000.0,5,6,11,4,1,4.9,4.1,49,34.7,0.76,0.22,0.27,0.08,0.24,98,67,39,28,30,3.22,0.4,53,0
2019-20,2019-2020,Roberto Pereyra,Argentina,28,FW,FW,Watford,28,1648,11000000.0,3,0,3,2,1,3.1,2.3,20,40.0,0.44,0.16,0.0,0.1,0.25,50,48,20,33,12,2.46,0.05,27,1
2019-20,2019-2020,Teemu Pukki,Finland,29,FW,FW,Norwich City,36,2886,10000000.0,11,3,14,9,2,11.2,9.7,78,42.3,1.03,0.34,0.09,0.12,0.27,46,22,30,11,4,1.96,0.12,34,0
2019-20,2019-2020,Christian Pulisic,United States,20,FW,FW,Chelsea,25,1722,60000000.0,9,4,13,9,0,9.0,9.0,63,39.7,1.31,0.47,0.21,0.14,0.36,107,73,30,25,25,4.55,0.84,63,0
2019-20,2019-2020,Marcus Rashford,England,21,FW,FW,Manchester Utd,31,2643,80000000.0,17,7,24,11,6,19.2,12.9,87,42.5,1.26,0.58,0.24,0.13,0.3,105,124,33,48,61,3.23,0.65,34,0
2019-20,2019-2020,Richarlison,Brazil,22,FW,FW,Everton,36,3070,65000000.0,13,3,16,13,0,9.1,9.1,90,35.6,0.94,0.38,0.09,0.14,0.41,95,93,34,31,30,2.73,0.26,74,0
2019-20,2019-2020,Mohamed Salah,Egypt,27,FW,FW,Liverpool,34,2876,150000000.0,19,10,29,16,3,19.0,16.6,129,43.4,1.75,0.59,0.31,0.12,0.29,105,91,60,41,57,4.26,0.47,67,1
2019-20,2019-2020,Jeffrey Schlupp,Ghana,26,FW,FW,Crystal Palace,17,1036,12000000.0,3,1,4,3,0,1.7,1.7,18,50.0,0.78,0.26,0.09,0.17,0.33,23,42,7,37,3,1.74,0.17,16,0
2019-20,2019-2020,Billy Sharp,England,33,FW,FW,Sheffield Utd,25,1051,2000000.0,3,2,5,3,0,3.8,3.8,16,43.8,0.6,0.26,0.17,0.19,0.43,18,22,14,3,9,2.65,0.17,31,0
2019-20,2019-2020,Bernardo Silva,Portugal,24,FW,FW,Manchester City,34,2030,100000000.0,6,7,13,6,0,6.0,6.0,52,28.8,0.67,0.27,0.31,0.12,0.4,117,122,51,60,39,4.87,0.62,21,0
2019-20,2019-2020,Dominic Solanke,England,21,FW,FW,Bournemouth,32,1651,15000000.0,3,1,4,3,0,4.6,4.6,32,25.0,0.44,0.16,0.05,0.09,0.38,35,35,15,26,7,2.34,0.27,54,1
2019-20,2019-2020,Raheem Sterling,England,24,FW,FW,Manchester City,33,2651,160000000.0,20,1,21,20,0,18.2,16.4,97,37.1,1.22,0.68,0.03,0.21,0.56,151,100,48,29,49,4.24,0.41,60,0
2019-20,2019-2020,Andros Townsend,England,28,FW,FW,Crystal Palace,24,1294,15000000.0,1,1,2,1,0,0.4,0.4,12,41.7,0.35,0.07,0.07,0.08,0.2,56,44,13,23,24,2.23,0.14,35,1
2019-20,2019-2020,Adama Traoré,Spain,23,FW,FW,Wolves,37,2605,28000000.0,4,9,13,4,0,3.8,3.8,43,27.9,0.41,0.14,0.31,0.09,0.33,252,88,48,55,41,3.83,0.52,65,2
2019-20,2019-2020,Leandro Trossard,Belgium,24,FW,FW,Brighton,31,2011,16000000.0,5,3,8,5,0,5.0,5.0,41,26.8,0.49,0.22,0.13,0.12,0.45,68,95,42,51,30,4.03,0.4,33,0
2019-20,2019-2020,Jamie Vardy,England,32,FW,FW,Leicester City,35,3033,20000000.0,23,5,28,19,4,19.2,15.3,84,44.0,1.1,0.68,0.15,0.23,0.51,61,44,31,12,24,2.08,0.36,16,0
2019-20,2019-2020,Willian,Brazil,30,FW,FW,Chelsea,36,2600,35000000.0,9,7,16,5,4,7.6,4.5,67,37.3,0.87,0.31,0.24,0.07,0.2,189,173,75,71,68,5.78,0.52,30,0
2019-20,2019-2020,Callum Wilson,England,27,FW,FW,Bournemouth,35,2908,30000000.0,8,1,9,8,0,9.9,9.9,55,38.2,0.65,0.25,0.03,0.15,0.38,45,52,28,28,14,1.86,0.28,51,0
2019-20,2019-2020,Chris Wood,New Zealand,27,FW,FW,Burnley,32,2437,18000000.0,14,1,15,13,1,15.7,14.9,64,43.8,1.03,0.52,0.04,0.2,0.46,13,16,22,9,2,1.96,0.15,30,0
2019-20,2019-2020,Wilfried Zaha,Ivory Coast,26,FW,FW,Crystal Palace,38,3280,55000000.0,4,3,7,4,0,5.2,5.2,61,27.9,0.47,0.11,0.08,0.07,0.24,210,146,36,62,70,3.51,0.25,148,0
2020-21,2020-2021,Tammy Abraham,England,22,FW,FW,Chelsea,22,1040,40000000.0,6,1,7,6,0,5.9,5.9,32,40.6,1.13,0.52,0.09,0.19,0.46,12,11,9,14,1,1.47,0.17,7,0
2020-21,2020-2021,Michail Antonio,Jamaica,30,FW,FW,West Ham,26,1974,12000000.0,10,5,15,10,0,12.9,12.9,63,34.9,1.0,0.46,0.23,0.16,0.45,59,36,27,24,13,3.47,0.5,49,0
2020-21,2020-2021,Pierre-Emerick Aubameyang,Gabon,31,FW,FW,Arsenal,29,2332,56000000.0,10,3,13,8,2,10.2,8.6,55,34.5,0.73,0.39,0.12,0.15,0.42,65,66,22,29,22,1.85,0.27,19,0
2020-21,2020-2021,Jordan Ayew,Ghana,28,FW,FW,Crystal Palace,33,2096,10000000.0,1,3,4,1,0,2.2,2.2,26,42.3,0.47,0.04,0.13,0.04,0.09,58,35,13,23,12,1.67,0.3,60,0
2020-21,2020-2021,Gareth Bale,Wales,31,FW,FW,Tottenham,20,920,25000000.0,11,2,13,11,0,5.8,5.8,38,50.0,1.86,1.08,0.2,0.29,0.58,31,43,21,24,17,4.59,0.59,7,0
2020-21,2020-2021,Patrick Bamford,England,26,FW,FW,Leeds United,38,3050,22000000.0,17,7,24,15,2,18.2,16.6,105,43.8,1.36,0.5,0.21,0.14,0.33,32,31,30,18,11,1.92,0.47,21,0
2020-21,2020-2021,Ashley Barnes,England,30,FW,FW,Burnley,22,1331,8000000.0,3,0,3,2,1,4.1,3.3,37,32.4,0.81,0.2,0.0,0.05,0.17,8,20,18,15,6,2.77,0.13,21,0
2020-21,2020-2021,Harvey Barnes,England,22,FW,FW,Leicester City,25,1945,17500000.0,9,4,13,9,0,5.9,5.9,56,44.6,1.16,0.42,0.19,0.16,0.36,105,56,26,38,17,3.29,0.46,31,0
2020-21,2020-2021,Saïd Benrahma,Algeria,24,FW,FW,West Ham,30,1391,22000000.0,1,6,7,1,0,2.6,2.6,35,34.3,0.78,0.06,0.39,0.03,0.08,63,60,27,43,20,4.14,0.65,33,0
2020-21,2020-2021,Christian Benteke,Belgium,29,FW,FW,Crystal Palace,30,1816,9000000.0,10,1,11,10,0,8.3,8.3,71,46.5,1.64,0.5,0.05,0.14,0.3,14,36,15,27,11,1.98,0.2,27,0
2020-21,2020-2021,Steven Bergwijn,Netherlands,22,FW,FW,Tottenham,21,1208,28000000.0,1,3,4,1,0,2.0,2.0,15,40.0,0.45,0.07,0.22,0.07,0.17,32,25,13,15,8,2.61,0.52,15,0
2020-21,2020-2021,Jarrod Bowen,England,23,FW,FW,West Ham,38,2562,30000000.0,8,5,13,8,0,7.1,7.1,55,29.1,0.56,0.28,0.18,0.15,0.5,83,44,29,22,21,2.78,0.42,50,0
2020-21,2020-2021,Rhian Brewster,England,20,FW,FW,Sheffield Utd,27,1128,15000000.0,0,0,0,0,0,1.8,1.8,24,29.2,0.56,0.0,0.0,0.0,0.0,11,20,11,15,4,1.83,0.0,18,0
2020-21,2020-2021,Oliver Burke,Scotland,23,FW,FW,Sheffield Utd,25,1269,4800000.0,1,1,2,1,0,2.1,2.1,25,24.0,0.43,0.07,0.07,0.04,0.17,30,19,15,5,10,1.92,0.07,28,0
2020-21,2020-2021,Dominic Calvert-Lewin,England,23,FW,FW,Everton,33,2871,30000000.0,16,0,16,16,0,16.3,16.3,83,55.4,1.44,0.5,0.0,0.19,0.35,36,46,18,36,12,1.72,0.22,29,0
2020-21,2020-2021,Ivan Cavaleiro,Portugal,26,FW,FW,Fulham,36,2472,8000000.0,3,0,3,2,1,6.4,4.8,45,33.3,0.55,0.11,0.0,0.04,0.13,68,63,43,26,32,3.1,0.07,50,0
2020-21,2020-2021,Edinson Cavani,Uruguay,33,FW,FW,Manchester Utd,26,1375,12000000.0,10,3,13,10,0,8.0,8.0,34,44.1,0.98,0.65,0.2,0.29,0.67,5,30,14,16,9,2.03,0.26,10,0
2020-21,2020-2021,Mbaye Diagne,Senegal,28,FW,FW,West Brom,16,1189,3200000.0,3,2,5,3,0,6.6,6.6,25,36.0,0.68,0.23,0.15,0.12,0.33,4,12,9,10,3,1.67,0.38,19,0
2020-21,2020-2021,Roberto Firmino,Brazil,28,FW,FW,Liverpool,36,2838,72000000.0,9,7,16,9,0,11.3,11.3,83,38.6,1.01,0.29,0.22,0.11,0.28,66,140,44,84,40,3.52,0.35,47,0
2020-21,2020-2021,Phil Foden,England,20,FW,FW,Manchester City,28,1616,27000000.0,9,5,14,9,0,5.0,5.0,45,44.4,1.11,0.5,0.28,0.2,0.45,81,69,30,36,21,3.68,0.67,15,0
2020-21,2020-2021,Pablo Fornals,Spain,24,FW,FW,West Ham,33,2572,20000000.0,5,4,9,5,0,6.0,6.0,50,30.0,0.52,0.17,0.14,0.1,0.33,59,134,31,84,30,2.84,0.39,21,0
2020-21,2020-2021,Ryan Fraser,Scotland,26,FW,FW,Newcastle Utd,18,928,16000000.0,0,2,2,0,0,0.9,0.9,13,46.2,0.58,0.0,0.19,0.0,0.0,21,18,26,8,11,3.59,0.29,5,0
2020-21,2020-2021,Anwar El Ghazi,Netherlands,25,FW,FW,Aston Villa,28,1613,13000000.0,10,0,10,6,4,8.4,5.3,60,43.3,1.45,0.56,0.0,0.1,0.23,50,47,26,24,19,3.62,0.11,35,0
2020-21,2020-2021,Karlan Grant,England,22,FW,FW,West Brom,21,1127,10000000.0,1,0,1,1,0,1.8,1.8,16,56.3,0.72,0.08,0.0,0.06,0.11,21,13,3,5,5,1.2,0.16,17,0
2020-21,2020-2021,Jack Grealish,England,24,FW,FW,Aston Villa,26,2185,100000000.0,6,10,16,6,0,4.6,4.6,50,34.0,0.7,0.25,0.41,0.12,0.35,172,189,81,91,69,6.96,0.82,39,3
2020-21,2020-2021,Mason Greenwood,England,18,FW,FW,Manchester Utd,31,1822,32000000.0,7,2,9,7,0,6.0,6.0,67,34.3,1.14,0.35,0.1,0.1,0.3,67,52,14,22,21,2.47,0.25,29,0
2020-21,2020-2021,Sébastien Haller,Ivory Coast,26,FW,FW,West Ham,16,937,36000000.0,3,0,3,3,0,2.9,2.9,25,44.0,1.06,0.29,0.0,0.12,0.27,4,19,10,15,5,1.54,0.0,22,0
2020-21,2020-2021,Son Heung-min,South Korea,28,FW,FW,Tottenham,37,3114,90000000.0,17,10,27,16,1,9.7,8.9,67,52.2,1.01,0.49,0.29,0.24,0.46,88,87,75,38,23,3.73,0.52,50,0
2020-21,2020-2021,Callum Hudson-Odoi,England,19,FW,FW,Chelsea,23,1059,31500000.0,2,3,5,2,0,1.3,1.3,23,26.1,0.51,0.17,0.25,0.09,0.33,89,75,31,29,43,5.35,0.76,15,0
2020-21,2020-2021,Kelechi Iheanacho,Nigeria,23,FW,FW,Leicester City,25,1459,15000000.0,12,2,14,12,0,8.2,7.4,58,41.4,1.48,0.74,0.12,0.21,0.5,31,41,28,22,20,3.21,0.19,34,1
2020-21,2020-2021,Danny Ings,England,28,FW,FW,Southampton,29,2173,22000000.0,12,4,16,10,2,8.5,6.9,55,43.6,0.99,0.5,0.17,0.18,0.42,37,52,22,29,15,2.44,0.33,18,1
2020-21,2020-2021,Alex Iwobi,Nigeria,24,FW,FW,Everton,30,1542,25500000.0,1,2,3,1,0,0.9,0.9,15,20.0,0.18,0.06,0.12,0.07,0.33,72,65,16,35,23,2.63,0.29,26,0
2020-21,2020-2021,Daniel James,Wales,22,FW,FW,Manchester Utd,15,910,22500000.0,3,1,4,3,0,2.2,2.2,17,35.3,0.59,0.3,0.1,0.18,0.5,36,32,10,8,13,1.68,0.2,9,0
2020-21,2020-2021,Gabriel Jesus,Brazil,23,FW,FW,Manchester City,29,2063,56000000.0,9,4,13,9,0,8.7,8.7,55,29.1,0.7,0.39,0.17,0.16,0.56,54,41,30,18,13,3.4,0.48,38,0
2020-21,2020-2021,Joelinton,Brazil,23,FW,FW,Newcastle Utd,31,1983,25000000.0,4,2,6,3,1,5.4,4.6,43,44.2,0.86,0.18,0.09,0.07,0.16,34,39,17,24,9,2.45,0.32,42,0
2020-21,2020-2021,Willian José,Brazil,28,FW,FW,Wolves,17,1110,24000000.0,1,0,1,1,0,1.6,1.6,19,36.8,0.57,0.08,0.0,0.05,0.14,12,15,12,14,3,2.19,0.08,13,0
2020-21,2020-2021,Diogo Jota,Portugal,23,FW,FW,Liverpool,19,1112,45000000.0,9,0,9,9,0,6.4,6.4,46,56.5,2.1,0.73,0.0,0.2,0.35,54,43,12,28,11,2.99,0.32,20,0
2020-21,2020-2021,Harry Kane,England,27,FW,FW,Tottenham,35,3082,120000000.0,23,14,37,19,4,20.1,16.9,133,35.3,1.37,0.67,0.41,0.14,0.4,75,132,49,100,38,3.71,0.76,54,0
2020-21,2020-2021,Alexandre Lacazette,France,29,FW,FW,Arsenal,31,1923,42000000.0,13,2,15,10,3,11.7,9.3,42,59.5,1.17,0.61,0.09,0.24,0.4,15,55,22,32,19,2.57,0.23,31,0
2020-21,2020-2021,Ademola Lookman,Nigeria,22,FW,FW,Fulham,34,2747,13500000.0,4,4,8,4,0,6.3,5.5,68,32.4,0.72,0.13,0.13,0.06,0.18,110,110,61,51,41,4.16,0.29,73,0
2020-21,2020-2021,Riyad Mahrez,Algeria,29,FW,FW,Manchester City,27,1949,48000000.0,9,6,15,9,0,4.7,4.7,58,37.9,1.02,0.42,0.28,0.16,0.41,88,88,43,38,43,4.2,0.79,29,0
2020-21,2020-2021,Sadio Mané,Senegal,28,FW,FW,Liverpool,35,2810,120000000.0,11,7,18,11,0,14.1,14.1,94,36.2,1.09,0.35,0.22,0.12,0.32,142,112,61,41,66,4.52,0.51,61,0
2020-21,2020-2021,Anthony Martial,France,24,FW,FW,Manchester Utd,22,1480,60000000.0,4,3,7,4,0,6.5,6.5,43,46.5,1.22,0.24,0.18,0.09,0.2,48,46,17,25,15,2.92,0.55,37,0
2020-21,2020-2021,Neal Maupay,France,23,FW,FW,Brighton,33,2512,22000000.0,8,2,10,5,3,13.2,10.1,67,32.8,0.79,0.29,0.07,0.07,0.23,44,61,32,32,27,2.76,0.25,48,0
2020-21,2020-2021,David McGoldrick,Ireland,32,FW,FW,Sheffield Utd,35,2397,2000000.0,8,1,9,8,0,6.9,6.9,71,32.4,0.86,0.3,0.04,0.11,0.35,42,94,17,49,21,2.18,0.04,44,0
2020-21,2020-2021,Aleksandar Mitrović,Serbia,25,FW,FW,Fulham,27,1402,22000000.0,3,3,6,2,1,6.2,4.6,57,33.3,1.22,0.19,0.19,0.04,0.11,10,27,23,9,11,2.82,0.32,17,0
2020-21,2020-2021,Lucas Moura,Brazil,27,FW,FW,Tottenham,30,1411,25000000.0,3,4,7,3,0,1.9,1.9,18,33.3,0.38,0.19,0.26,0.17,0.5,43,46,16,35,14,2.49,0.57,37,0
2020-21,2020-2021,Pedro Neto,Portugal,20,FW,FW,Wolves,31,2550,13000000.0,5,6,11,5,0,5.1,5.1,61,34.4,0.74,0.18,0.21,0.08,0.24,154,54,61,46,37,4.34,0.35,41,0
2020-21,2020-2021,Nicolas Pépé,Ivory Coast,25,FW,FW,Arsenal,29,1616,52000000.0,10,1,11,9,1,5.8,5.0,47,40.4,1.06,0.56,0.06,0.19,0.47,56,45,11,16,17,2.39,0.45,23,0
2020-21,2020-2021,Christian Pulisic,United States,21,FW,FW,Chelsea,27,1738,54000000.0,4,2,6,4,0,6.1,6.1,43,37.2,0.83,0.21,0.1,0.09,0.25,86,82,25,34,37,3.57,0.41,29,0
2020-21,2020-2021,Marcus Rashford,England,22,FW,FW,Manchester Utd,37,2920,64000000.0,11,9,20,11,0,8.9,8.9,79,45.6,1.11,0.34,0.28,0.14,0.31,134,117,43,44,54,3.58,0.62,50,0
2020-21,2020-2021,Richarlison,Brazil,23,FW,FW,Everton,34,2861,52000000.0,7,3,10,6,1,9.7,8.8,80,38.8,0.98,0.22,0.09,0.08,0.19,113,58,25,26,15,2.8,0.25,56,1
2020-21,2020-2021,Callum Robinson,Ireland,25,FW,FW,West Brom,28,1560,8000000.0,5,0,5,5,0,3.1,3.1,31,35.5,0.63,0.29,0.0,0.16,0.45,36,27,16,23,11,2.65,0.23,24,0
2020-21,2020-2021,James Rodríguez,Colombia,29,FW,FW,Everton,23,1764,35000000.0,6,4,10,6,0,2.8,2.8,37,48.6,0.92,0.31,0.2,0.16,0.33,36,133,40,103,38,3.67,0.66,38,0
2020-21,2020-2021,Allan Saint-Maximin,France,23,FW,FW,Newcastle Utd,25,1560,20000000.0,3,4,7,3,0,2.6,2.6,30,40.0,0.69,0.17,0.23,0.1,0.25,81,65,30,28,11,3.98,0.58,52,0
2020-21,2020-2021,Bukayo Saka,England,18,FW,FW,Arsenal,32,2553,22000000.0,5,3,8,5,0,6.9,6.9,61,32.8,0.71,0.18,0.11,0.08,0.25,85,101,38,55,31,3.81,0.42,42,0
2020-21,2020-2021,Mohamed Salah,Egypt,28,FW,FW,Liverpool,37,3078,120000000.0,22,5,27,16,6,19.3,14.6,120,38.3,1.35,0.64,0.15,0.13,0.35,111,136,55,59,72,3.92,0.47,82,1
2020-21,2020-2021,Fábio Silva,Portugal,18,FW,FW,Wolves,32,1369,9000000.0,4,3,7,3,1,5.3,4.5,47,34.0,1.05,0.26,0.2,0.06,0.19,14,17,11,7,5,1.91,0.2,21,1
2020-21,2020-2021,Raheem Sterling,England,25,FW,FW,Manchester City,31,2536,128000000.0,10,7,17,10,0,11.0,10.2,69,40.6,0.99,0.35,0.25,0.14,0.36,129,67,37,45,27,3.8,0.53,83,0
2020-21,2020-2021,Adama Traoré,Spain,24,FW,FW,Wolves,37,2649,32000000.0,2,2,4,2,0,2.0,2.0,43,30.2,0.44,0.07,0.07,0.05,0.15,219,70,55,36,30,3.91,0.17,65,1
2020-21,2020-2021,Bertrand Traoré,Burkina Faso,24,FW,FW,Aston Villa,36,2317,9500000.0,7,6,13,7,0,6.6,6.6,64,35.9,0.89,0.27,0.23,0.11,0.3,51,77,35,32,26,3.22,0.35,26,1
2020-21,2020-2021,Jamie Vardy,England,33,FW,FW,Leicester City,34,2840,16000000.0,15,9,24,7,8,19.9,12.8,73,38.4,0.89,0.48,0.29,0.1,0.25,57,31,28,12,10,2.03,0.63,12,0
2020-21,2020-2021,Ollie Watkins,England,24,FW,FW,Aston Villa,37,3328,12000000.0,14,5,19,13,1,14.5,13.0,95,45.3,1.16,0.38,0.14,0.14,0.3,84,55,45,38,23,3.03,0.38,85,0
2020-21,2020-2021,Danny Welbeck,England,29,FW,FW,Brighton,24,1545,7000000.0,6,1,7,6,0,6.6,5.8,34,44.1,0.87,0.35,0.06,0.18,0.4,21,25,22,13,5,3.09,0.29,13,0
2020-21,2020-2021,Timo Werner,Germany,24,FW,FW,Chelsea,35,2602,70000000.0,6,8,14,6,0,11.4,11.4,79,39.2,1.07,0.21,0.28,0.08,0.19,103,69,36,36,23,3.08,0.52,28,0
2020-21,2020-2021,Willian,Brazil,31,FW,FW,Arsenal,25,1406,19000000.0,1,5,6,1,0,1.9,1.9,20,15.0,0.19,0.06,0.32,0.05,0.33,51,78,32,34,33,4.23,0.7,15,0
2020-21,2020-2021,Callum Wilson,England,28,FW,FW,Newcastle Utd,26,2084,24000000.0,12,5,17,8,4,12.4,9.3,45,35.6,0.69,0.52,0.22,0.18,0.5,42,32,17,14,13,2.2,0.48,39,0
2020-21,2020-2021,Chris Wood,New Zealand,28,FW,FW,Burnley,33,2741,14500000.0,12,3,15,10,2,13.0,11.4,68,54.4,1.21,0.39,0.1,0.15,0.27,17,20,21,31,5,1.97,0.33,44,0
2020-21,2020-2021,Wilfried Zaha,Ivory Coast,27,FW,FW,Crystal Palace,30,2612,50000000.0,11,2,13,9,2,8.1,6.5,58,31.0,0.62,0.38,0.07,0.16,0.5,103,72,30,35,33,3.31,0.34,77,0
2021-22,2021-2022,Marc Albrighton,England,31,FW,FW,Leicester City,17,1132,2500000.0,1,2,3,1,0,0.5,0.5,4,25.0,0.08,0.08,0.16,0.25,1.0,21,26,11,23,8,1.51,0.16,8,0
2021-22,2021-2022,Michail Antonio,Jamaica,31,FW,FW,West Ham,36,2971,12000000.0,10,8,18,10,0,10.8,10.2,82,32.9,0.82,0.3,0.24,0.12,0.37,77,46,45,24,27,2.94,0.51,72,0
2021-22,2021-2022,Adam Armstrong,England,24,FW,FW,Southampton,23,1413,16000000.0,2,2,4,2,0,4.5,4.5,47,29.8,0.89,0.13,0.13,0.04,0.14,39,30,13,11,13,2.29,0.19,13,0
2021-22,2021-2022,Pierre-Emerick Aubameyang,Gabon,32,FW,FW,Arsenal,14,1037,25000000.0,4,1,5,4,0,5.9,4.2,33,48.5,1.39,0.35,0.09,0.12,0.25,21,26,9,6,8,1.91,0.26,4,0
2021-22,2021-2022,Jordan Ayew,Ghana,29,FW,FW,Crystal Palace,31,2019,6000000.0,3,3,6,3,0,3.1,3.1,35,22.9,0.36,0.13,0.13,0.09,0.38,98,51,23,31,16,2.72,0.27,77,0
2021-22,2021-2022,Harvey Barnes,England,23,FW,FW,Leicester City,32,2101,35000000.0,6,10,16,6,0,5.6,5.6,66,36.4,1.03,0.26,0.43,0.09,0.25,107,59,29,26,24,2.7,0.56,43,0
2021-22,2021-2022,Saïd Benrahma,Algeria,25,FW,FW,West Ham,32,2168,25000000.0,8,6,14,8,0,4.8,4.8,63,31.7,0.83,0.33,0.25,0.13,0.4,73,73,32,37,29,3.11,0.33,30,0
2021-22,2021-2022,Christian Benteke,Belgium,30,FW,FW,Crystal Palace,25,1145,7000000.0,4,1,5,4,0,4.9,4.9,39,33.3,1.02,0.31,0.08,0.1,0.31,15,24,13,12,10,1.81,0.16,17,0
2021-22,2021-2022,Jarrod Bowen,England,24,FW,FW,West Ham,36,2983,42000000.0,12,10,22,12,0,11.9,11.9,79,43.0,1.03,0.36,0.3,0.15,0.35,74,66,41,30,24,2.96,0.57,52,0
2021-22,2021-2022,Armando Broja,Albania,19,FW,FW,Southampton,32,1975,30000000.0,6,0,6,6,0,5.9,5.9,45,42.2,0.87,0.27,0.0,0.13,0.32,56,29,10,13,2,1.73,0.18,50,0
2021-22,2021-2022,Dominic Calvert-Lewin,England,24,FW,FW,Everton,17,1283,30000000.0,5,2,7,3,2,6.5,4.2,30,36.7,0.77,0.35,0.14,0.1,0.27,9,17,10,10,4,2.1,0.28,13,0
2021-22,2021-2022,Maxwel Cornet,Ivory Coast,24,FW,FW,Burnley,26,1766,15000000.0,9,1,10,9,0,6.7,5.9,46,47.8,1.12,0.46,0.05,0.2,0.41,28,30,15,15,14,1.73,0.36,33,0
2021-22,2021-2022,Patson Daka,Zambia,22,FW,FW,Leicester City,23,1159,22000000.0,5,3,8,5,0,4.2,4.2,26,57.7,1.16,0.39,0.23,0.19,0.33,10,17,13,6,5,2.33,0.7,18,0
2021-22,2021-2022,Emmanuel Dennis,Nigeria,23,FW,FW,Watford,33,2581,12000000.0,10,6,16,10,0,7.3,7.3,60,43.3,0.91,0.35,0.21,0.17,0.38,90,61,33,26,19,2.96,0.42,63,0
2021-22,2021-2022,Luis Díaz,Colombia,24,FW,FW,Liverpool,13,958,75000000.0,4,3,7,4,0,3.6,3.6,38,34.2,1.22,0.38,0.28,0.11,0.31,53,38,20,14,22,5.64,0.38,26,0
2021-22,2021-2022,Kieran Dowell,England,23,FW,FW,Norwich City,19,912,3000000.0,1,1,2,1,0,1.1,1.1,8,25.0,0.2,0.1,0.1,0.13,0.5,14,31,16,21,9,2.57,0.1,15,0
2021-22,2021-2022,Odsonne Édouard,France,23,FW,FW,Crystal Palace,28,1564,17000000.0,6,3,9,5,1,6.4,5.6,39,43.6,0.98,0.35,0.17,0.13,0.29,42,42,21,24,10,2.94,0.23,27,0
2021-22,2021-2022,Anthony Elanga,Sweden,19,FW,FW,Manchester Utd,21,1214,25000000.0,2,2,4,2,0,2.6,2.6,21,33.3,0.52,0.15,0.15,0.1,0.29,32,18,9,11,8,1.56,0.37,15,0
2021-22,2021-2022,Roberto Firmino,Brazil,29,FW,FW,Liverpool,20,990,40000000.0,5,4,9,5,0,4.7,4.7,30,36.7,1.0,0.45,0.36,0.17,0.45,27,40,16,31,12,3.64,0.46,25,0
2021-22,2021-2022,Phil Foden,England,21,FW,FW,Manchester City,28,2128,110000000.0,9,5,14,9,0,9.4,9.4,57,38.6,0.93,0.38,0.21,0.16,0.41,71,98,40,50,37,3.76,0.55,34,0
2021-22,2021-2022,Pablo Fornals,Spain,25,FW,FW,West Ham,36,2795,25000000.0,6,3,9,6,0,4.6,4.6,43,25.6,0.35,0.19,0.1,0.14,0.55,49,191,48,111,51,3.51,0.35,28,1
2021-22,2021-2022,Ryan Fraser,Scotland,27,FW,FW,Newcastle Utd,27,1465,10000000.0,2,3,5,2,0,2.7,2.7,24,29.2,0.43,0.12,0.18,0.08,0.29,35,34,25,18,24,3.44,0.43,11,0
2021-22,2021-2022,Jack Grealish,England,25,FW,FW,Manchester City,26,1914,70000000.0,3,3,6,3,0,5.3,5.3,45,35.6,0.75,0.14,0.14,0.07,0.19,153,100,53,30,43,5.6,0.28,29,0
2021-22,2021-2022,Jack Harrison,England,24,FW,FW,Leeds United,35,2639,25000000.0,8,1,9,8,0,4.4,4.4,43,39.5,0.58,0.27,0.03,0.19,0.47,120,89,42,49,35,2.93,0.14,66,0
2021-22,2021-2022,Kai Havertz,Germany,22,FW,FW,Chelsea,29,1809,70000000.0,8,3,11,8,0,8.7,8.7,56,41.1,1.14,0.4,0.15,0.14,0.35,64,62,21,34,19,3.03,0.3,32,1
2021-22,2021-2022,Hwang Hee-chan,South Korea,25,FW,FW,Wolves,30,1816,12000000.0,5,1,6,5,0,4.4,4.4,27,44.4,0.59,0.25,0.05,0.19,0.42,66,57,16,31,14,1.83,0.1,24,1
2021-22,2021-2022,Kelechi Iheanacho,Nigeria,24,FW,FW,Leicester City,26,1264,20000000.0,4,5,9,4,0,3.6,3.6,31,38.7,0.85,0.28,0.36,0.13,0.33,28,37,17,22,13,2.71,0.57,21,0
2021-22,2021-2022,Danny Ings,England,29,FW,FW,Aston Villa,30,1898,22000000.0,7,6,13,6,1,7.1,6.3,48,35.4,0.81,0.33,0.28,0.13,0.35,24,39,15,19,13,1.52,0.43,21,0
2021-22,2021-2022,Daniel James,Wales,23,FW,FW,Leeds United,32,2366,16000000.0,4,4,8,4,0,6.1,6.1,50,30.0,0.57,0.15,0.15,0.08,0.27,69,57,24,26,18,2.05,0.19,22,0
2021-22,2021-2022,Gabriel Jesus,Brazil,24,FW,FW,Manchester City,28,1877,75000000.0,8,8,16,7,1,9.8,9.0,63,31.7,0.96,0.38,0.38,0.11,0.35,51,55,38,15,30,4.08,0.86,27,0
2021-22,2021-2022,Raúl Jiménez,Mexico,30,FW,FW,Wolves,34,2631,22000000.0,6,4,10,5,1,6.1,5.4,56,26.8,0.51,0.21,0.14,0.09,0.33,40,65,38,38,19,2.43,0.48,57,0
2021-22,2021-2022,João Pedro,Brazil,19,FW,FW,Watford,28,1644,18000000.0,3,1,4,3,0,3.6,3.6,47,34.0,0.88,0.16,0.05,0.06,0.19,54,77,19,43,20,3.28,0.22,58,0
2021-22,2021-2022,Diogo Jota,Portugal,24,FW,FW,Liverpool,35,2364,60000000.0,15,4,19,15,0,16.3,16.3,90,35.6,1.22,0.57,0.15,0.17,0.47,74,87,40,46,26,3.73,0.49,33,0
2021-22,2021-2022,Harry Kane,England,28,FW,FW,Tottenham,37,3232,90000000.0,17,9,26,13,4,18.6,15.4,129,38.0,1.36,0.47,0.25,0.1,0.27,87,143,49,89,42,3.56,0.58,61,0
2021-22,2021-2022,Joshua King,Norway,29,FW,FW,Watford,32,2248,8000000.0,5,3,8,4,1,8.9,8.1,49,32.7,0.64,0.2,0.12,0.08,0.25,41,39,35,29,17,2.52,0.36,42,0
2021-22,2021-2022,Alexandre Lacazette,France,30,FW,FW,Arsenal,30,1782,22000000.0,4,7,11,2,2,8.4,6.0,43,27.9,0.61,0.2,0.35,0.05,0.17,19,52,29,30,19,3.58,0.45,29,0
2021-22,2021-2022,Ademola Lookman,Nigeria,23,FW,FW,Leicester City,26,1453,11000000.0,6,0,6,6,0,4.5,4.5,26,46.2,0.74,0.37,0.0,0.23,0.5,43,54,23,19,20,2.85,0.19,52,0
2021-22,2021-2022,Romelu Lukaku,Belgium,28,FW,FW,Chelsea,26,1589,100000000.0,8,0,8,7,1,6.6,5.8,42,33.3,0.79,0.45,0.0,0.17,0.5,29,19,24,10,9,2.83,0.28,25,0
2021-22,2021-2022,Riyad Mahrez,Algeria,30,FW,FW,Manchester City,28,1498,40000000.0,11,5,16,7,4,10.1,6.2,56,32.1,1.08,0.66,0.3,0.13,0.39,74,70,39,27,34,4.38,0.6,21,0
2021-22,2021-2022,Sadio Mané,Senegal,29,FW,FW,Liverpool,34,2819,80000000.0,16,2,18,16,0,17.2,17.2,98,37.8,1.18,0.51,0.06,0.16,0.43,105,130,41,63,61,3.64,0.41,59,0
2021-22,2021-2022,Gabriel Martinelli,Brazil,20,FW,FW,Arsenal,29,1860,60000000.0,6,6,12,5,1,7.3,6.6,51,29.4,0.73,0.29,0.29,0.1,0.33,79,37,34,11,16,3.49,0.63,34,0
2021-22,2021-2022,Jean-Philippe Mateta,France,24,FW,FW,Crystal Palace,22,1145,13000000.0,5,1,6,5,0,5.8,5.8,37,48.6,1.41,0.39,0.08,0.14,0.28,16,6,7,4,3,1.57,0.16,23,0
2021-22,2021-2022,Neal Maupay,France,24,FW,FW,Brighton,32,2276,20000000.0,8,2,10,7,1,8.7,7.1,59,23.7,0.55,0.32,0.08,0.12,0.5,21,48,23,20,25,2.33,0.12,51,0
2021-22,2021-2022,Bryan Mbeumo,Cameroon,21,FW,FW,Brentford,35,2905,28000000.0,4,7,11,3,1,9.3,8.5,76,25.0,0.59,0.12,0.22,0.04,0.16,81,56,34,33,28,2.66,0.37,57,0
2021-22,2021-2022,Lucas Moura,Brazil,28,FW,FW,Tottenham,34,1775,22000000.0,2,6,8,2,0,2.7,2.7,37,29.7,0.56,0.1,0.3,0.05,0.18,48,99,34,59,27,3.4,0.61,33,0
2021-22,2021-2022,Jacob Murphy,England,26,FW,FW,Newcastle Utd,33,1473,10000000.0,1,2,3,1,0,2.2,2.2,27,18.5,0.31,0.06,0.12,0.04,0.2,51,44,20,33,19,2.81,0.37,21,0
2021-22,2021-2022,Michael Olise,France,19,FW,FW,Crystal Palace,26,1141,22000000.0,2,5,7,2,0,1.7,1.7,19,52.6,0.79,0.16,0.39,0.11,0.2,55,63,24,39,26,3.47,0.71,21,0
2021-22,2021-2022,Daniel Podence,Portugal,25,FW,FW,Wolves,26,1484,25000000.0,2,3,5,2,0,2.0,2.0,35,42.9,0.91,0.12,0.18,0.06,0.13,63,75,36,32,36,4.0,0.3,34,0
2021-22,2021-2022,Teemu Pukki,Finland,31,FW,FW,Norwich City,37,3253,5000000.0,11,3,14,8,3,11.4,9.1,68,35.3,0.66,0.3,0.08,0.12,0.33,62,34,27,21,6,1.74,0.11,42,0
2021-22,2021-2022,Raphinha,Brazil,24,FW,FW,Leeds United,35,2915,45000000.0,11,3,14,7,4,10.2,7.0,84,25.0,0.65,0.34,0.09,0.08,0.33,89,134,65,91,49,4.2,0.31,35,1
2021-22,2021-2022,Marcus Rashford,England,23,FW,FW,Manchester Utd,25,1235,55000000.0,4,2,6,4,0,2.9,2.9,22,54.5,0.87,0.29,0.15,0.18,0.33,50,28,9,18,10,1.97,0.22,26,1
2021-22,2021-2022,Milot Rashica,Kosovo,25,FW,FW,Norwich City,31,2229,12000000.0,1,2,3,1,0,2.6,2.6,44,38.6,0.69,0.04,0.08,0.02,0.06,76,46,36,33,20,2.74,0.2,38,0
2021-22,2021-2022,Richarlison,Brazil,24,FW,FW,Everton,30,2523,55000000.0,10,5,15,7,3,9.2,6.8,69,29.0,0.71,0.36,0.18,0.1,0.35,44,42,29,21,13,2.46,0.32,54,0
2021-22,2021-2022,Cristiano Ronaldo,Portugal,36,FW,FW,Manchester Utd,30,2456,35000000.0,18,3,21,15,3,17.7,15.4,107,36.4,1.43,0.66,0.11,0.14,0.38,67,64,26,46,16,3.0,0.33,30,0
2021-22,2021-2022,Allan Saint-Maximin,France,24,FW,FW,Newcastle Utd,35,2804,40000000.0,5,5,10,5,0,5.2,5.2,64,40.6,0.83,0.16,0.16,0.08,0.19,180,87,50,51,32,4.17,0.35,90,0
2021-22,2021-2022,Bukayo Saka,England,19,FW,FW,Arsenal,38,2978,90000000.0,11,7,18,9,2,10.3,8.7,95,30.5,0.88,0.33,0.21,0.09,0.31,140,101,68,40,31,4.78,0.54,48,0
2021-22,2021-2022,Mohamed Salah,Egypt,29,FW,FW,Liverpool,35,2762,100000000.0,23,13,36,18,5,22.7,17.8,133,36.8,1.6,0.75,0.42,0.14,0.37,125,122,62,46,57,4.59,0.81,81,0
2021-22,2021-2022,Jadon Sancho,England,21,FW,FW,Manchester Utd,29,1900,100000000.0,3,3,6,3,0,3.6,3.6,26,34.6,0.43,0.14,0.14,0.12,0.33,111,88,41,31,39,4.17,0.43,27,3
2021-22,2021-2022,Josh Sargent,United States,21,FW,FW,Norwich City,26,1572,8000000.0,2,1,3,2,0,2.5,2.5,24,8.3,0.11,0.11,0.06,0.08,1.0,21,12,11,8,5,1.43,0.17,25,2
2021-22,2021-2022,Raheem Sterling,England,26,FW,FW,Manchester City,30,2128,70000000.0,13,5,18,11,2,14.0,11.5,54,46.3,1.06,0.55,0.21,0.2,0.44,108,65,42,15,48,3.93,0.42,54,0
2021-22,2021-2022,Ivan Toney,England,25,FW,FW,Brentford,33,2909,35000000.0,12,5,17,7,5,11.4,7.4,83,28.9,0.74,0.37,0.15,0.08,0.29,28,83,43,56,25,2.91,0.31,44,1
2021-22,2021-2022,Adama Traoré,Spain,25,FW,FW,Wolves,20,1067,20000000.0,1,0,1,1,0,3.0,3.0,23,21.7,0.42,0.08,0.0,0.04,0.2,84,29,18,15,12,5.06,0.17,29,0
2021-22,2021-2022,Francisco Trincão,Portugal,21,FW,FW,Wolves,28,1336,22000000.0,2,1,3,2,0,3.7,3.7,32,40.6,0.88,0.13,0.07,0.06,0.15,56,40,14,29,11,2.97,0.13,18,1
2021-22,2021-2022,Leandro Trossard,Belgium,26,FW,FW,Brighton,34,2805,20000000.0,8,3,11,7,1,6.7,5.9,73,35.6,0.83,0.26,0.1,0.1,0.27,97,154,47,71,53,3.63,0.42,73,0
2021-22,2021-2022,Jamie Vardy,England,34,FW,FW,Leicester City,25,1806,7000000.0,15,2,17,15,0,10.8,10.8,54,46.3,1.25,0.75,0.1,0.28,0.6,37,28,18,9,15,1.94,0.3,8,0
2021-22,2021-2022,Ollie Watkins,England,25,FW,FW,Aston Villa,35,2952,32000000.0,11,2,13,10,1,11.6,11.0,76,40.8,0.95,0.34,0.06,0.13,0.32,74,60,34,29,17,2.5,0.27,53,0
2021-22,2021-2022,Wout Weghorst,Netherlands,28,FW,FW,Burnley,20,1450,30000000.0,2,3,5,2,0,4.8,4.8,30,23.3,0.43,0.12,0.19,0.07,0.29,7,26,14,17,7,2.55,0.31,29,0
2021-22,2021-2022,Danny Welbeck,England,30,FW,FW,Brighton,25,1478,8000000.0,6,2,8,6,0,6.6,6.6,43,48.8,1.28,0.37,0.12,0.14,0.29,22,23,18,10,9,2.32,0.18,22,0
2021-22,2021-2022,Timo Werner,Germany,25,FW,FW,Chelsea,21,1283,55000000.0,4,1,5,4,0,6.8,6.8,45,35.6,1.12,0.28,0.07,0.09,0.25,46,18,8,9,9,2.1,0.35,19,0
2021-22,2021-2022,Callum Wilson,England,29,FW,FW,Newcastle Utd,18,1386,22000000.0,8,0,8,6,2,6.2,4.6,33,36.4,0.78,0.52,0.0,0.18,0.5,14,9,10,6,3,1.62,0.0,27,0
2021-22,2021-2022,Yoane Wissa,Democratic Republic of the Congo,24,FW,FW,Brentford,30,1284,15000000.0,7,1,8,7,0,3.1,3.1,32,40.6,0.91,0.49,0.07,0.22,0.54,19,29,9,13,10,1.89,0.28,6,0
2021-22,2021-2022,Chris Wood,New Zealand,29,FW,FW,Burnley,17,1367,10000000.0,3,0,3,3,0,4.2,4.2,30,36.7,0.72,0.2,0.0,0.1,0.27,5,23,9,27,4,1.38,0.13,12,0
2021-22,2021-2022,Chris Wood,New Zealand,29,FW,FW,Newcastle Utd,17,1327,10000000.0,2,0,2,1,1,3.1,2.3,20,30.0,0.41,0.14,0.0,0.05,0.17,5,18,10,18,2,1.7,0.14,8,0
2021-22,2021-2022,Wilfried Zaha,Ivory Coast,28,FW,FW,Crystal Palace,33,2760,40000000.0,14,1,15,9,5,9.5,3.9,62,41.9,0.85,0.46,0.03,0.15,0.35,113,121,46,38,66,3.62,0.39,110,0
2022-23,2022-2023,Miguel Almirón,Paraguay,28,FW,FW,Newcastle Utd,34,2491,35000000.0,11,2,13,11,0,8.0,8.0,69,29.0,0.72,0.4,0.07,0.16,0.55,77,124,26,45,36,3.14,0.47,28,0
2022-23,2022-2023,Michail Antonio,Jamaica,32,FW,FW,West Ham,33,1829,9000000.0,5,3,8,5,0,6.6,6.6,39,33.3,0.64,0.25,0.15,0.13,0.38,49,27,15,12,8,1.92,0.44,45,0
2022-23,2022-2023,Antony,Brazil,22,FW,FW,Manchester Utd,25,1802,35000000.0,4,2,6,4,0,6.6,6.6,72,33.3,1.2,0.2,0.1,0.06,0.17,95,74,28,29,33,3.69,0.35,12,0
2022-23,2022-2023,Taiwo Awoniyi,Nigeria,24,FW,FW,Nott'ham Forest,27,1404,20000000.0,10,1,11,10,0,6.6,6.6,35,42.9,0.96,0.64,0.06,0.29,0.67,18,12,10,6,2,1.6,0.26,29,0
2022-23,2022-2023,Jordan Ayew,Ghana,30,FW,FW,Crystal Palace,38,2714,6000000.0,4,3,7,4,0,3.2,3.2,32,31.3,0.33,0.13,0.1,0.13,0.4,83,63,31,34,19,2.59,0.27,83,0
2022-23,2022-2023,Patrick Bamford,England,28,FW,FW,Leeds United,28,1515,14000000.0,4,2,6,4,0,8.5,6.9,48,33.3,0.95,0.24,0.12,0.08,0.25,17,23,12,18,9,1.6,0.36,21,0
2022-23,2022-2023,Saïd Benrahma,Algeria,26,FW,FW,West Ham,35,2069,25000000.0,6,3,9,2,4,7.0,3.9,69,33.3,1.0,0.26,0.13,0.03,0.09,109,82,48,32,23,4.0,0.22,42,0
2022-23,2022-2023,Diego Costa,Spain,33,FW,FW,Wolves,23,1241,4000000.0,1,0,1,1,0,3.2,3.2,28,50.0,1.02,0.07,0.0,0.04,0.07,19,13,11,9,4,1.67,0.07,26,0
2022-23,2022-2023,Patson Daka,Zambia,23,FW,FW,Leicester City,30,1187,20000000.0,4,4,8,4,0,3.5,3.5,30,53.3,1.21,0.3,0.3,0.13,0.25,18,17,17,7,8,2.12,0.53,19,0
2022-23,2022-2023,João Félix,Portugal,22,FW,FW,Chelsea,16,941,50000000.0,4,0,4,4,0,4.9,4.9,46,34.8,1.53,0.38,0.0,0.09,0.25,34,47,7,29,17,2.96,0.1,8,1
2022-23,2022-2023,Roberto Firmino,Brazil,30,FW,FW,Liverpool,25,1213,28000000.0,11,4,15,11,0,5.5,5.5,39,64.1,1.85,0.82,0.3,0.28,0.44,16,78,21,47,19,3.41,0.52,23,0
2022-23,2022-2023,Cody Gakpo,Netherlands,23,FW,FW,Liverpool,21,1458,45000000.0,7,2,9,7,0,6.2,6.2,39,30.8,0.74,0.43,0.12,0.18,0.58,36,50,23,33,11,3.02,0.37,36,0
2022-23,2022-2023,Wilfried Gnonto,Italy,18,FW,FW,Leeds United,24,1354,10000000.0,2,4,6,2,0,1.8,1.8,22,36.4,0.53,0.13,0.27,0.09,0.25,66,35,22,12,19,3.32,0.47,19,0
2022-23,2022-2023,Demarai Gray,Jamaica,26,FW,FW,Everton,33,2507,20000000.0,4,1,5,2,2,6.2,4.7,57,38.6,0.79,0.14,0.04,0.04,0.09,94,46,37,30,18,3.44,0.18,66,0
2022-23,2022-2023,Erling Haaland,Norway,22,FW,FW,Manchester City,35,2769,150000000.0,36,8,44,29,7,28.4,23.0,116,45.7,1.72,1.17,0.26,0.25,0.55,35,58,29,14,23,2.34,0.55,26,0
2022-23,2022-2023,Alexander Isak,Sweden,22,FW,FW,Newcastle Utd,22,1522,70000000.0,10,1,11,8,2,8.2,6.7,49,46.9,1.36,0.59,0.06,0.16,0.35,41,48,16,29,15,2.9,0.3,25,0
2022-23,2022-2023,Diogo Jota,Portugal,25,FW,FW,Liverpool,22,1131,55000000.0,7,4,11,7,0,6.5,6.5,35,31.4,0.88,0.56,0.32,0.2,0.64,34,30,17,28,8,2.63,0.4,19,0
2022-23,2022-2023,Jesse Lingard,England,29,FW,FW,Nott'ham Forest,17,923,14000000.0,0,0,0,0,0,1.0,1.0,10,20.0,0.2,0.0,0.0,0.0,0.0,11,33,11,27,7,2.44,0.2,10,0
2022-23,2022-2023,Riyad Mahrez,Algeria,31,FW,FW,Manchester City,30,1920,30000000.0,5,10,15,4,1,5.6,4.8,42,28.6,0.56,0.23,0.47,0.1,0.33,78,76,52,36,37,5.44,0.98,27,0
2022-23,2022-2023,Anthony Martial,France,26,FW,FW,Manchester Utd,21,978,15000000.0,6,2,8,5,1,6.2,5.5,26,46.2,1.1,0.55,0.18,0.19,0.42,18,35,12,14,13,2.58,0.46,20,0
2022-23,2022-2023,Neal Maupay,France,25,FW,FW,Everton,27,1118,15000000.0,1,0,1,1,0,4.8,4.8,32,40.6,1.05,0.08,0.0,0.03,0.08,8,11,7,8,2,1.45,0.08,16,0
2022-23,2022-2023,Kaoru Mitoma,Japan,25,FW,FW,Brighton,33,2318,2500000.0,7,5,12,7,0,8.1,8.1,52,40.4,0.82,0.27,0.19,0.13,0.33,143,90,41,45,28,4.23,0.62,33,0
2022-23,2022-2023,Aleksandar Mitrović,Serbia,27,FW,FW,Fulham,24,2008,28000000.0,14,1,15,10,4,14.9,8.6,85,31.8,1.21,0.63,0.04,0.12,0.37,24,44,16,26,10,2.47,0.45,58,1
2022-23,2022-2023,Kieffer Moore,Wales,29,FW,FW,Bournemouth,27,1279,4000000.0,4,0,4,4,0,4.4,4.4,23,34.8,0.56,0.28,0.0,0.17,0.5,10,23,5,16,6,1.26,0.14,31,0
2022-23,2022-2023,Darwin Núñez,Uruguay,23,FW,FW,Liverpool,29,1695,70000000.0,9,3,12,9,0,11.6,11.6,84,41.7,1.86,0.48,0.16,0.11,0.26,61,29,28,11,12,2.87,0.16,27,0
2022-23,2022-2023,Rodrigo,Spain,31,FW,FW,Leeds United,31,1935,9000000.0,13,1,14,12,1,8.0,7.2,66,37.9,1.16,0.6,0.05,0.18,0.48,40,44,16,23,17,2.09,0.19,24,1
2022-23,2022-2023,Ivan Toney,England,26,FW,FW,Brentford,33,2951,50000000.0,20,4,24,14,6,18.7,13.2,87,37.9,1.01,0.61,0.12,0.16,0.42,14,79,27,54,26,2.01,0.24,47,0
2022-23,2022-2023,Adama Traoré,Spain,26,FW,FW,Wolves,34,1496,5000000.0,2,1,3,2,0,1.4,1.4,19,36.8,0.42,0.12,0.06,0.11,0.29,85,36,24,17,22,2.71,0.24,27,0
2022-23,2022-2023,Leandro Trossard,Belgium,27,FW,FW,Arsenal,20,931,35000000.0,1,10,11,1,0,1.8,1.8,17,29.4,0.48,0.1,0.97,0.06,0.2,36,57,22,20,30,3.29,0.87,23,1
2022-23,2022-2023,Leandro Trossard,Belgium,27,FW,FW,Brighton,16,1315,35000000.0,7,2,9,7,0,4.4,4.4,38,44.7,1.16,0.48,0.14,0.18,0.41,40,67,23,42,25,3.49,0.62,26,0
2022-23,2022-2023,Carlos Vinícius,Brazil,27,FW,FW,Fulham,28,1109,6000000.0,5,2,7,5,0,3.3,3.3,21,57.1,0.97,0.41,0.16,0.24,0.42,9,15,7,12,5,1.3,0.49,23,0
2022-23,2022-2023,Theo Walcott,England,33,FW,FW,Southampton,20,1129,1800000.0,2,2,4,2,0,2.2,2.2,20,35.0,0.56,0.16,0.16,0.1,0.29,21,14,15,7,7,2.23,0.16,12,0
2022-23,2022-2023,Willian,Brazil,33,FW,FW,Fulham,27,2126,4000000.0,5,5,10,5,0,3.4,3.4,41,41.5,0.72,0.21,0.21,0.12,0.29,97,113,51,41,30,4.44,0.51,25,0
2022-23,2022-2023,Wilfried Zaha,Ivory Coast,29,FW,FW,Crystal Palace,27,2288,32000000.0,7,2,9,7,0,6.5,4.8,64,32.8,0.83,0.28,0.08,0.11,0.33,86,75,26,18,41,3.58,0.28,82,0
2023-24,2023-2024,Elijah Adebayo,England,25,FW,FW,Luton Town,27,1419,12000000.0,10,0,10,10,0,5.9,5.9,31,45.2,0.89,0.63,0.0,0.32,0.71,16,23,14,9,4,1.97,0.32,34,0
2023-24,2023-2024,Simon Adingra,Ivory Coast,21,FW,FW,Brighton,31,2222,15000000.0,6,1,7,6,0,4.3,4.3,52,42.3,0.89,0.24,0.04,0.12,0.27,111,50,33,17,33,3.12,0.16,28,0
2023-24,2023-2024,Miguel Almirón,Paraguay,29,FW,FW,Newcastle Utd,33,1937,30000000.0,3,1,4,3,0,4.5,4.5,41,29.3,0.56,0.14,0.05,0.07,0.25,78,78,24,38,21,2.41,0.19,27,0
2023-24,2023-2024,Zeki Amdouni,Switzerland,22,FW,FW,Burnley,34,1953,15000000.0,5,1,6,4,1,5.8,5.0,48,43.8,0.97,0.23,0.05,0.08,0.19,63,49,16,28,9,2.3,0.18,32,0
2023-24,2023-2024,Michail Antonio,Jamaica,33,FW,FW,West Ham,26,1695,6000000.0,6,2,8,6,0,5.8,5.8,30,46.7,0.74,0.32,0.11,0.2,0.43,48,22,8,13,7,1.75,0.27,39,0
2023-24,2023-2024,Antony,Brazil,23,FW,FW,Manchester Utd,29,1324,50000000.0,1,1,2,1,0,3.4,3.4,43,34.9,1.02,0.07,0.07,0.02,0.07,53,64,22,26,29,3.74,0.2,19,0
2023-24,2023-2024,Cameron Archer,England,22,FW,FW,Sheffield Utd,29,1832,18000000.0,4,1,5,4,0,5.5,5.5,42,21.4,0.44,0.2,0.05,0.1,0.44,33,15,23,11,7,2.41,0.2,45,0
2023-24,2023-2024,Taiwo Awoniyi,Nigeria,25,FW,FW,Nott'ham Forest,20,1042,30000000.0,6,3,9,6,0,4.7,4.7,22,50.0,0.95,0.52,0.26,0.27,0.55,8,14,10,6,3,2.6,0.52,11,0
2023-24,2023-2024,Jordan Ayew,Ghana,31,FW,FW,Crystal Palace,35,2543,4000000.0,4,7,11,4,0,3.9,3.9,48,39.6,0.67,0.14,0.25,0.08,0.21,74,63,25,43,26,2.55,0.42,80,0
2023-24,2023-2024,Jarrod Bowen,England,26,FW,FW,West Ham,34,3019,48000000.0,16,6,22,16,0,11.6,11.6,84,44.0,1.1,0.48,0.18,0.19,0.43,90,52,31,29,13,2.42,0.36,58,0
2023-24,2023-2024,Ben Brereton,Chile,24,FW,FW,Sheffield Utd,14,1105,10000000.0,6,1,7,5,1,6.1,5.3,34,47.1,1.3,0.49,0.08,0.15,0.31,23,37,8,22,12,2.52,0.33,16,0
2023-24,2023-2024,Matheus Cunha,Brazil,24,FW,FW,Wolves,32,2440,28000000.0,12,7,19,11,1,9.5,8.7,72,50.0,1.33,0.44,0.26,0.15,0.31,107,87,28,56,31,2.88,0.48,53,1
2023-24,2023-2024,Moussa Diaby,France,24,FW,FW,Aston Villa,38,2174,60000000.0,6,8,14,6,0,7.0,7.0,54,40.7,0.91,0.25,0.33,0.11,0.27,94,72,47,29,40,3.31,0.41,30,0
2023-24,2023-2024,Luis Díaz,Colombia,26,FW,FW,Liverpool,37,2629,80000000.0,8,5,13,8,0,11.9,11.9,94,34.0,1.1,0.27,0.17,0.09,0.25,137,113,64,62,45,5.58,0.31,72,0
2023-24,2023-2024,Abdoulaye Doucouré,Mali,30,FW,FW,Everton,32,2629,12000000.0,7,1,8,7,0,8.8,8.8,47,44.7,0.72,0.24,0.03,0.15,0.33,55,97,34,43,18,2.29,0.17,42,0
2023-24,2023-2024,Odsonne Édouard,France,25,FW,FW,Crystal Palace,30,1555,20000000.0,7,0,7,7,0,6.2,6.2,51,37.3,1.1,0.41,0.0,0.14,0.37,33,36,18,12,15,2.6,0.12,26,0
2023-24,2023-2024,Anthony Elanga,Sweden,21,FW,FW,Nott'ham Forest,36,2433,25000000.0,5,9,14,5,0,6.6,6.6,54,40.7,0.81,0.18,0.33,0.09,0.23,98,49,32,28,24,2.59,0.48,22,1
2023-24,2023-2024,Evan Ferguson,Ireland,18,FW,FW,Brighton,27,1367,65000000.0,6,0,6,6,0,4.6,4.6,33,60.6,1.32,0.4,0.0,0.18,0.3,13,15,6,11,4,1.45,0.07,31,0
2023-24,2023-2024,Lyle Foster,South Africa,22,FW,FW,Burnley,24,1899,13000000.0,5,3,8,5,0,4.5,4.5,34,47.1,0.76,0.24,0.14,0.15,0.31,55,37,19,21,12,1.95,0.19,33,0
2023-24,2023-2024,Alejandro Garnacho,Argentina,19,FW,FW,Manchester Utd,36,2565,50000000.0,7,4,11,7,0,8.4,8.3,100,27.0,0.95,0.25,0.14,0.07,0.26,178,62,46,26,22,4.17,0.53,49,0
2023-24,2023-2024,Anthony Gordon,England,22,FW,FW,Newcastle Utd,35,2890,45000000.0,11,10,21,10,1,10.2,9.4,80,36.3,0.9,0.34,0.31,0.13,0.34,138,101,57,54,39,4.45,0.9,40,0
2023-24,2023-2024,Jack Grealish,England,27,FW,FW,Manchester City,20,1009,55000000.0,3,1,4,3,0,2.1,2.1,22,22.7,0.45,0.27,0.09,0.14,0.6,87,50,26,15,25,4.82,0.36,22,0
2023-24,2023-2024,Erling Haaland,Norway,23,FW,FW,Manchester City,31,2552,200000000.0,27,5,32,20,7,29.2,22.9,113,44.2,1.76,0.95,0.18,0.18,0.4,35,26,29,16,11,2.08,0.39,19,0
2023-24,2023-2024,Hwang Hee-chan,South Korea,27,FW,FW,Wolves,29,2119,18000000.0,12,3,15,11,1,7.7,6.9,44,38.6,0.72,0.51,0.13,0.25,0.65,37,37,17,19,7,2.04,0.38,31,0
2023-24,2023-2024,Son Heung-min,South Korea,31,FW,FW,Tottenham,35,2934,50000000.0,17,10,27,15,2,12.0,10.4,83,45.8,1.17,0.52,0.31,0.18,0.39,119,139,68,40,65,3.96,0.52,41,0
2023-24,2023-2024,Callum Hudson-Odoi,England,22,FW,FW,Nott'ham Forest,29,1854,22000000.0,8,1,9,8,0,2.7,2.7,38,52.6,0.97,0.39,0.05,0.21,0.4,111,58,36,20,32,3.98,0.29,33,1
2023-24,2023-2024,Rasmus Højlund,Denmark,20,FW,FW,Manchester Utd,30,2158,65000000.0,10,2,12,10,0,7.6,7.6,38,52.6,0.83,0.42,0.08,0.26,0.5,35,33,28,14,14,2.42,0.17,29,0
2023-24,2023-2024,Alexander Isak,Sweden,23,FW,FW,Newcastle Utd,30,2255,75000000.0,21,2,23,16,5,20.3,15.6,72,50.0,1.44,0.84,0.08,0.22,0.44,68,71,27,28,21,2.87,0.4,23,0
2023-24,2023-2024,Alex Iwobi,Nigeria,27,FW,FW,Fulham,30,2192,28000000.0,5,2,7,5,0,5.3,5.3,51,35.3,0.74,0.21,0.08,0.1,0.28,109,147,49,84,46,4.23,0.41,28,0
2023-24,2023-2024,Nicolas Jackson,Senegal,22,FW,FW,Chelsea,35,2799,40000000.0,14,5,19,14,0,18.6,18.6,80,47.5,1.22,0.45,0.16,0.18,0.37,70,67,38,40,21,3.05,0.35,66,0
2023-24,2023-2024,Gabriel Jesus,Brazil,26,FW,FW,Arsenal,27,1478,55000000.0,4,5,9,4,0,6.3,6.3,55,34.5,1.16,0.24,0.3,0.07,0.21,38,42,29,18,19,3.59,0.49,38,0
2023-24,2023-2024,Raúl Jiménez,Mexico,32,FW,FW,Fulham,24,1395,6000000.0,7,0,7,7,0,5.2,5.2,41,41.5,1.1,0.45,0.0,0.17,0.41,11,24,11,23,11,1.74,0.19,32,0
2023-24,2023-2024,João Pedro,Brazil,21,FW,FW,Brighton,31,2045,45000000.0,9,3,12,5,4,11.9,7.9,70,28.6,0.88,0.4,0.13,0.07,0.25,83,92,37,43,44,4.01,0.48,63,0
2023-24,2023-2024,Brennan Johnson,Wales,22,FW,FW,Tottenham,32,2085,48000000.0,5,10,15,5,0,10.3,10.3,50,38.0,0.82,0.22,0.43,0.1,0.26,97,72,45,32,39,3.02,0.56,19,1
2023-24,2023-2024,Diogo Jota,Portugal,26,FW,FW,Liverpool,21,1145,50000000.0,10,3,13,10,0,5.3,5.3,41,46.3,1.49,0.79,0.24,0.24,0.53,54,34,22,18,12,3.77,1.1,18,0
2023-24,2023-2024,Keane Lewis-Potter,England,22,FW,FW,Brentford,30,1441,18000000.0,3,1,4,3,0,6.3,6.3,43,46.5,1.25,0.19,0.06,0.07,0.15,56,32,13,11,14,2.06,0.12,18,0
2023-24,2023-2024,Noni Madueke,England,21,FW,FW,Chelsea,23,1053,35000000.0,5,2,7,4,1,2.5,1.7,31,38.7,1.03,0.43,0.17,0.13,0.33,76,52,20,23,13,4.35,0.68,14,0
2023-24,2023-2024,Gabriel Martinelli,Brazil,22,FW,FW,Arsenal,35,2019,60000000.0,6,4,10,6,0,6.8,6.8,58,34.5,0.89,0.27,0.18,0.1,0.3,127,65,46,22,33,4.1,0.49,41,1
2023-24,2023-2024,Neal Maupay,France,26,FW,FW,Brentford,29,1321,12000000.0,6,3,9,6,0,5.7,5.7,37,37.8,0.95,0.41,0.2,0.16,0.43,21,37,15,17,17,2.72,0.34,24,0
2023-24,2023-2024,Kaoru Mitoma,Japan,26,FW,FW,Brighton,19,1486,50000000.0,3,4,7,3,0,3.5,3.5,34,44.1,0.91,0.18,0.24,0.09,0.2,121,64,25,23,34,3.76,0.61,15,0
2023-24,2023-2024,Carlton Morris,England,27,FW,FW,Luton Town,38,2862,13000000.0,11,4,15,6,5,11.4,7.5,66,39.4,0.82,0.35,0.13,0.09,0.23,37,56,22,27,11,2.23,0.25,53,0
2023-24,2023-2024,Mykhailo Mudryk,Ukraine,22,FW,FW,Chelsea,31,1576,45000000.0,5,2,7,5,0,4.4,4.4,35,34.3,0.69,0.29,0.11,0.14,0.42,92,45,32,24,22,3.43,0.51,22,0
2023-24,2023-2024,Pedro Neto,Portugal,23,FW,FW,Wolves,20,1516,32000000.0,2,9,11,2,0,3.5,3.5,36,33.3,0.71,0.12,0.53,0.06,0.17,98,54,38,23,29,4.45,0.83,20,0
2023-24,2023-2024,Eddie Nketiah,England,24,FW,FW,Arsenal,27,1082,30000000.0,5,2,7,5,0,4.5,4.5,38,31.6,1.0,0.42,0.17,0.13,0.42,22,20,9,7,5,2.33,0.67,18,0
2023-24,2023-2024,Darwin Núñez,Uruguay,24,FW,FW,Liverpool,36,2047,70000000.0,11,8,19,11,0,16.3,15.5,107,43.0,2.02,0.48,0.35,0.1,0.24,58,54,33,23,26,3.47,0.62,29,0
2023-24,2023-2024,Michael Olise,France,21,FW,FW,Crystal Palace,19,1275,50000000.0,10,6,16,9,1,5.5,4.7,56,35.7,1.41,0.71,0.42,0.16,0.45,68,78,36,43,34,5.79,0.99,33,0
2023-24,2023-2024,Cole Palmer,England,21,FW,FW,Chelsea,33,2607,90000000.0,22,11,33,13,9,18.2,11.1,100,37.0,1.28,0.76,0.38,0.13,0.35,117,197,72,136,69,5.59,0.9,44,2
2023-24,2023-2024,Lucas Paquetá,Brazil,25,FW,FW,West Ham,31,2622,65000000.0,4,6,10,2,2,5.4,3.8,40,20.0,0.27,0.14,0.21,0.05,0.25,34,187,43,143,50,3.26,0.55,81,2
2023-24,2023-2024,Marcus Rashford,England,25,FW,FW,Manchester Utd,33,2271,75000000.0,7,2,9,5,2,7.4,5.8,60,31.7,0.75,0.28,0.08,0.08,0.26,95,65,23,34,30,3.45,0.48,38,0
2023-24,2023-2024,Richarlison,Brazil,26,FW,FW,Tottenham,28,1491,40000000.0,11,4,15,11,0,9.6,9.6,62,40.3,1.51,0.66,0.24,0.18,0.44,26,38,15,21,13,2.05,0.3,40,0
2023-24,2023-2024,Jeffrey Schlupp,Ghana,30,FW,FW,Crystal Palace,29,1352,7000000.0,2,2,4,2,0,1.8,1.8,19,57.9,0.73,0.13,0.13,0.11,0.18,20,33,19,17,9,1.86,0.2,23,0
2023-24,2023-2024,Antoine Semenyo,Ghana,23,FW,FW,Bournemouth,33,2105,20000000.0,8,2,10,8,0,4.6,4.6,70,42.9,1.28,0.34,0.09,0.11,0.27,89,64,29,28,28,3.08,0.3,53,0
2023-24,2023-2024,Dominic Solanke,England,25,FW,FW,Bournemouth,38,3325,45000000.0,19,3,22,17,2,19.6,17.2,106,33.0,0.95,0.51,0.08,0.16,0.49,52,60,39,32,24,2.14,0.16,81,0
2023-24,2023-2024,Raheem Sterling,England,28,FW,FW,Chelsea,31,1978,50000000.0,8,4,12,8,0,6.5,6.5,51,41.2,0.96,0.36,0.18,0.16,0.38,120,78,30,31,35,3.87,0.64,44,1
2023-24,2023-2024,Ivan Toney,England,27,FW,FW,Brentford,17,1450,50000000.0,4,2,6,4,0,6.0,6.0,51,41.2,1.3,0.25,0.12,0.08,0.19,23,40,12,20,18,2.42,0.37,17,0
2023-24,2023-2024,Leandro Trossard,Belgium,28,FW,FW,Arsenal,34,1649,38000000.0,12,1,13,12,0,7.9,7.9,60,36.7,1.2,0.65,0.05,0.2,0.55,66,76,24,28,29,3.55,0.33,39,0
2023-24,2023-2024,Ollie Watkins,England,27,FW,FW,Aston Villa,37,3217,55000000.0,19,13,32,19,0,16.8,16.8,107,43.9,1.31,0.53,0.36,0.18,0.4,62,55,45,23,22,2.8,0.73,57,0
2023-24,2023-2024,Willian,Brazil,34,FW,FW,Fulham,31,2053,3000000.0,4,2,6,2,2,5.1,3.6,43,37.2,0.7,0.18,0.09,0.05,0.13,92,153,44,59,69,4.87,0.44,26,1
