season_label,season,player,nation,age,pos,pos_primary,squad,Matches Played,Minutes_total,market_value_in_eur,Tackles attempted,Tackles Won,% Dribbles tackled,Interceptions,Clearances,Shots blocked,Passes blocked,% Aerial Duels won,Progressive Carries,Progressive Passes,1/3,Possessions lost,Errors made,Goals,Assists,Goals & Assists
2019-20,2019-2020,Patrick van Aanholt,Netherlands,28,DF,DF,Crystal Palace,29,2507,12000000.0,43,23,46.0,45,52,9,22,50.0,60,143,89,15,1,3,2,5
2019-20,2019-2020,Max Aarons,England,19,DF,DF,Norwich City,36,3240,15000000.0,48,30,50.0,37,97,29,17,31.0,92,78,55,31,1,0,1,1
2019-20,2019-2020,Nathan Aké,Netherlands,24,DF,DF,Bournemouth,29,2503,35000000.0,31,21,60.9,36,152,29,11,49.6,12,81,58,5,0,2,2,4
2019-20,2019-2020,Toby Alderweireld,Belgium,30,DF,DF,Tottenham,33,2957,35000000.0,40,29,45.8,31,172,32,16,50.0,11,96,110,5,2,2,2,4
2019-20,2019-2020,Trent Alexander-Arnold,England,20,DF,DF,Liverpool,38,3175,110000000.0,55,34,46.2,45,84,9,18,33.3,98,247,190,12,3,4,13,17
2019-20,2019-2020,Marcos Alonso,Spain,28,DF,DF,Chelsea,18,1430,32000000.0,28,16,42.4,20,32,2,16,59.2,62,69,39,10,0,4,2,6
2019-20,2019-2020,Serge Aurier,Ivory Coast,26,DF,DF,Tottenham,33,2700,20000000.0,93,69,56.5,47,98,6,32,52.2,66,93,62,28,2,1,5,6
2019-20,2019-2020,César Azpilicueta,Spain,29,DF,DF,Chelsea,36,3229,30000000.0,86,56,50.7,67,94,21,35,59.7,59,193,148,13,0,2,6,8
2019-20,2019-2020,Fabián Balbuena,Paraguay,27,DF,DF,West Ham,17,1177,12000000.0,17,12,36.0,26,75,5,10,59.6,8,35,25,1,3,1,0,1
2019-20,2019-2020,George Baldock,Greece,26,DF,DF,Sheffield Utd,38,3420,6500000.0,62,43,57.4,34,83,3,23,40.0,97,103,66,22,3,2,3,5
2019-20,2019-2020,Phil Bardsley,Scotland,34,DF,DF,Burnley,21,1890,1000000.0,49,36,64.9,30,73,11,13,60.0,23,70,71,3,0,0,1,1
2019-20,2019-2020,Chris Basham,England,31,DF,DF,Sheffield Utd,38,3242,3000000.0,85,48,59.3,77,173,15,23,63.3,32,82,83,8,1,0,1,1
2019-20,2019-2020,Jan Bednarek,Poland,23,DF,DF,Southampton,34,3057,15000000.0,65,38,50.8,77,198,23,21,73.1,4,90,57,1,4,1,1,2
2019-20,2019-2020,Héctor Bellerín,Spain,24,DF,DF,Arsenal,15,1158,40000000.0,20,13,37.9,19,27,4,16,44.8,34,58,39,12,1,1,0,1
2019-20,2019-2020,Ryan Bertrand,England,29,DF,DF,Southampton,32,2742,13000000.0,47,29,44.8,37,31,12,15,50.9,78,130,104,21,1,1,1,2
2019-20,2019-2020,Willy Boly,Ivory Coast,28,DF,DF,Wolves,22,1979,15000000.0,57,33,58.1,39,108,11,17,74.8,4,48,39,4,3,0,1,1
2019-20,2019-2020,Dan Burn,England,27,DF,DF,Brighton,34,2880,5000000.0,67,42,47.2,42,130,20,24,72.6,52,135,114,25,0,0,0,0
2019-20,2019-2020,Sam Byram,England,25,DF,DF,Norwich City,17,1293,3500000.0,40,22,48.6,26,73,8,8,52.4,21,41,24,5,0,0,0,0
2019-20,2019-2020,Gary Cahill,England,33,DF,DF,Crystal Palace,25,2167,6000000.0,15,8,46.7,18,114,25,9,62.7,5,48,40,4,1,0,1,1
2019-20,2019-2020,João Cancelo,Portugal,25,DF,DF,Manchester City,17,1208,50000000.0,40,24,60.0,21,18,2,7,46.3,42,105,87,8,0,0,0,0
2019-20,2019-2020,Craig Cathcart,Northern Ireland,30,DF,DF,Watford,29,2488,5000000.0,41,26,41.7,25,136,16,3,56.3,2,61,33,3,1,0,0,0
2019-20,2019-2020,Calum Chambers,England,24,DF,DF,Arsenal,14,1102,18000000.0,26,10,68.8,16,43,7,6,54.5,16,45,46,10,1,1,1,2
2019-20,2019-2020,Ben Chilwell,England,22,DF,DF,Leicester City,27,2373,50000000.0,43,26,44.2,28,68,6,24,59.1,109,126,109,22,2,3,3,6
2019-20,2019-2020,Andreas Christensen,Denmark,23,DF,DF,Chelsea,21,1751,35000000.0,38,21,71.4,29,56,8,4,58.1,17,75,78,1,0,0,0,0
2019-20,2019-2020,Ciaran Clark,Ireland,29,DF,DF,Newcastle Utd,14,1186,6000000.0,20,12,60.0,11,82,14,4,43.9,2,16,14,1,0,2,0,2
2019-20,2019-2020,Conor Coady,England,26,DF,DF,Wolves,38,3420,18000000.0,36,23,50.0,28,119,15,7,57.9,3,64,112,0,2,0,0,0
2019-20,2019-2020,Séamus Coleman,Ireland,30,DF,DF,Everton,27,1839,12000000.0,42,31,76.0,24,43,9,12,59.2,49,77,53,14,1,0,1,1
2019-20,2019-2020,Steve Cook,England,28,DF,DF,Bournemouth,29,2428,12000000.0,22,11,40.0,44,153,23,9,63.5,7,73,46,3,1,1,0,1
2019-20,2019-2020,Aaron Cresswell,England,29,DF,DF,West Ham,31,2727,8000000.0,43,26,50.0,35,75,10,23,53.6,43,166,135,10,2,3,0,3
2019-20,2019-2020,Scott Dann,England,32,DF,DF,Crystal Palace,16,1266,3500000.0,8,4,57.1,14,67,7,2,55.7,1,28,19,1,0,0,1,1
2019-20,2019-2020,Ben Davies,Wales,26,DF,DF,Tottenham,18,1431,22000000.0,28,15,33.3,22,47,12,16,68.2,32,53,52,9,0,0,0,0
2019-20,2019-2020,Craig Dawson,England,29,DF,DF,Watford,29,2361,6000000.0,29,18,54.8,34,116,32,9,70.4,4,63,51,3,0,2,0,2
2019-20,2019-2020,Eric Dier,England,25,DF,DF,Tottenham,19,1344,30000000.0,21,12,50.0,21,65,9,5,61.1,4,37,51,4,0,0,2,2
2019-20,2019-2020,Lucas Digne,France,26,DF,DF,Everton,35,3030,35000000.0,73,49,48.5,42,108,10,29,67.9,69,134,94,24,0,0,7,7
2019-20,2019-2020,Issa Diop,France,22,DF,DF,West Ham,32,2766,35000000.0,27,15,64.0,47,166,21,16,66.9,7,44,44,5,2,3,1,4
2019-20,2019-2020,Shane Duffy,Ireland,27,DF,DF,Brighton,19,1238,12000000.0,18,9,35.3,21,72,7,6,76.1,4,29,23,3,0,1,0,1
2019-20,2019-2020,Paul Dummett,Wales,27,DF,DF,Newcastle Utd,16,1228,7000000.0,27,17,77.8,23,69,9,14,46.7,7,31,31,1,0,0,0,0
2019-20,2019-2020,Lewis Dunk,England,27,DF,DF,Brighton,36,3230,20000000.0,40,24,44.1,55,125,33,22,65.5,18,110,127,8,2,3,3,6
2019-20,2019-2020,John Egan,Ireland,26,DF,DF,Sheffield Utd,36,3187,13000000.0,44,27,55.6,58,171,27,12,63.3,6,66,56,0,4,2,0,2
2019-20,2019-2020,Ahmed Elmohamady,Egypt,31,DF,DF,Aston Villa,18,1031,2500000.0,19,9,47.6,13,25,5,6,58.0,39,47,44,2,1,1,1,2
2019-20,2019-2020,Björn Engels,Belgium,24,DF,DF,Aston Villa,17,1447,12000000.0,11,6,61.5,28,86,17,1,66.7,5,43,46,2,3,1,0,1
2019-20,2019-2020,Jonny Evans,Northern Ireland,31,DF,DF,Leicester City,38,3383,15000000.0,48,34,71.8,57,174,18,15,64.3,31,157,131,3,4,1,1,2
2019-20,2019-2020,Kiko Femenía,Spain,28,DF,DF,Watford,28,2237,6000000.0,68,38,53.8,36,49,2,14,50.0,49,85,52,11,0,0,0,0
2019-20,2019-2020,Federico Fernández,Argentina,30,DF,DF,Newcastle Utd,32,2620,7000000.0,42,25,50.0,24,190,28,13,54.1,4,43,40,3,2,2,2,4
2019-20,2019-2020,Fernandinho,Brazil,34,DF,DF,Manchester City,30,2397,10000000.0,50,35,60.4,25,82,16,12,61.2,51,213,214,6,0,0,1,1
2019-20,2019-2020,Simon Francis,England,34,DF,DF,Bournemouth,15,969,1000000.0,13,9,52.4,20,71,12,5,60.0,5,26,26,2,0,0,0,0
2019-20,2019-2020,Ryan Fredericks,England,26,DF,DF,West Ham,27,2237,7000000.0,82,56,64.1,24,73,10,10,49.3,63,72,48,12,1,0,3,3
2019-20,2019-2020,Ben Godfrey,England,21,DF,DF,Norwich City,30,2644,13000000.0,22,14,55.6,25,152,37,4,62.3,23,76,64,4,3,0,0,0
2019-20,2019-2020,Joe Gomez,England,22,DF,DF,Liverpool,28,2004,35000000.0,23,16,45.0,38,64,8,7,58.1,17,115,107,3,2,0,0,0
2019-20,2019-2020,Grant Hanley,Scotland,27,DF,DF,Norwich City,15,1262,2500000.0,24,15,57.1,31,77,18,7,71.7,0,17,18,2,1,0,0,0
2019-20,2019-2020,Kortney Hause,England,24,DF,DF,Aston Villa,18,1545,8000000.0,21,9,53.3,20,98,19,8,73.9,8,46,44,7,4,1,0,1
2019-20,2019-2020,Mason Holgate,England,22,DF,DF,Everton,27,2054,18000000.0,44,26,67.7,34,97,13,13,53.2,18,58,47,6,0,0,3,3
2019-20,2019-2020,Reece James,England,19,DF,DF,Chelsea,24,1515,15000000.0,36,23,37.9,22,28,8,11,46.2,43,98,54,22,0,0,2,2
2019-20,2019-2020,James Justin,England,21,DF,DF,Leicester City,13,1012,4000000.0,36,17,60.0,11,30,7,8,39.6,30,56,47,12,0,0,1,1
2019-20,2019-2020,Christian Kabasele,Belgium,28,DF,DF,Watford,27,2250,8000000.0,37,24,53.1,36,127,23,8,56.5,1,36,33,5,0,0,2,2
2019-20,2019-2020,Michael Keane,England,26,DF,DF,Everton,31,2559,30000000.0,31,16,58.3,44,152,28,7,59.4,9,84,61,4,0,2,0,2
2019-20,2019-2020,Martin Kelly,England,29,DF,DF,Crystal Palace,19,1549,3500000.0,23,18,45.2,16,86,10,8,56.9,6,35,31,3,1,0,1,1
2019-20,2019-2020,Ezri Konsa,England,21,DF,DF,Aston Villa,25,2039,8000000.0,18,9,43.8,25,70,24,10,51.1,8,53,42,5,2,1,2,3
2019-20,2019-2020,Emil Krafth,Sweden,24,DF,DF,Newcastle Utd,17,1020,5000000.0,18,12,45.0,8,45,8,3,43.8,11,19,18,3,0,0,1,1
2019-20,2019-2020,Aymeric Laporte,Spain,25,DF,DF,Manchester City,15,1097,75000000.0,13,6,44.4,20,26,5,1,64.9,23,112,116,1,1,1,0,1
2019-20,2019-2020,Jamaal Lascelles,England,25,DF,DF,Newcastle Utd,24,2076,18000000.0,14,3,44.4,28,116,20,3,59.8,3,21,24,4,1,1,0,1
2019-20,2019-2020,Jamal Lewis,Northern Ireland,21,DF,DF,Norwich City,28,2304,12000000.0,51,35,61.1,25,68,12,15,24.1,100,74,51,21,0,1,0,1
2019-20,2019-2020,Victor Lindelöf,Sweden,25,DF,DF,Manchester Utd,35,3092,35000000.0,29,15,85.0,26,129,16,9,66.7,16,111,84,4,0,1,0,1
2019-20,2019-2020,Matthew Lowton,England,30,DF,DF,Burnley,17,1530,5000000.0,41,22,66.7,27,57,6,14,61.1,17,64,48,2,1,0,1,1
2019-20,2019-2020,David Luiz,Brazil,32,DF,DF,Arsenal,33,2809,15000000.0,28,16,54.2,32,133,37,5,55.4,21,106,100,5,2,2,1,3
2019-20,2019-2020,Harry Maguire,England,26,DF,DF,Manchester Utd,38,3420,70000000.0,37,23,52.9,72,159,22,9,71.5,69,171,163,6,0,1,1,2
2019-20,2019-2020,Ainsley Maitland-Niles,England,21,DF,DF,Arsenal,20,1386,18000000.0,41,23,51.2,28,38,3,9,58.6,38,61,44,18,0,0,2,2
2019-20,2019-2020,Javier Manquillo,Spain,25,DF,DF,Newcastle Utd,21,1599,5000000.0,39,26,63.2,18,56,2,12,51.6,22,28,24,2,0,0,1,1
2019-20,2019-2020,Adrian Mariappa,Jamaica,32,DF,DF,Watford,20,1513,2000000.0,20,14,36.7,11,73,7,15,58.3,2,38,35,3,0,0,0,0
2019-20,2019-2020,Adam Masina,Morocco,25,DF,DF,Watford,26,1821,7000000.0,38,22,37.8,28,66,12,14,67.0,18,73,53,12,0,1,0,1
2019-20,2019-2020,Arthur Masuaku,Democratic Republic of the Congo,25,DF,DF,West Ham,17,937,10000000.0,41,23,59.0,14,23,5,14,46.2,41,40,32,19,0,0,1,1
2019-20,2019-2020,Ben Mee,England,29,DF,DF,Burnley,32,2880,10000000.0,41,22,58.6,42,165,31,11,59.9,5,56,54,3,2,1,1,2
2019-20,2019-2020,Benjamin Mendy,France,25,DF,DF,Manchester City,19,1492,35000000.0,18,15,33.3,16,21,2,8,44.1,60,87,53,17,3,0,2,2
2019-20,2019-2020,Chris Mepham,Wales,21,DF,DF,Bournemouth,12,912,10000000.0,20,9,78.6,17,62,11,6,58.9,4,28,14,4,1,1,0,1
2019-20,2019-2020,Yerry Mina,Colombia,24,DF,DF,Everton,29,2284,25000000.0,39,22,75.0,28,102,14,6,62.1,11,83,51,0,1,2,1,3
2019-20,2019-2020,Tyrone Mings,England,26,DF,DF,Aston Villa,33,2902,28000000.0,15,11,76.9,30,190,48,8,60.4,12,60,57,5,4,2,2,4
2019-20,2019-2020,Martín Montoya,Spain,28,DF,DF,Brighton,27,1896,8000000.0,57,29,53.6,24,40,5,14,52.5,57,91,51,11,0,0,1,1
2019-20,2019-2020,Shkodran Mustafi,Germany,27,DF,DF,Arsenal,15,1207,18000000.0,17,10,50.0,18,72,6,4,75.6,7,61,48,1,0,0,1,1
2019-20,2019-2020,Jack O'Connell,England,25,DF,DF,Sheffield Utd,33,2916,12000000.0,23,14,50.0,42,154,17,21,67.9,12,131,113,10,1,0,1,1
2019-20,2019-2020,Angelo Ogbonna,Italy,31,DF,DF,West Ham,31,2786,8000000.0,38,24,56.3,27,134,32,18,63.4,5,50,45,2,1,2,0,2
2019-20,2019-2020,Nicolás Otamendi,Argentina,31,DF,DF,Manchester City,24,1715,18000000.0,28,14,48.5,21,76,9,6,64.9,14,78,54,2,2,2,0,2
2019-20,2019-2020,Sokratis Papastathopoulos,Greece,31,DF,DF,Arsenal,19,1696,18000000.0,25,16,47.6,17,68,24,6,68.2,5,27,35,5,1,2,0,2
2019-20,2019-2020,Ricardo Pereira,Portugal,25,DF,DF,Leicester City,28,2520,40000000.0,119,68,50.0,49,86,6,32,46.1,116,177,100,31,0,3,2,5
2019-20,2019-2020,Erik Pieters,Netherlands,30,DF,DF,Burnley,24,1878,5000000.0,54,32,40.6,28,60,4,26,65.3,21,50,35,6,1,0,4,4
2019-20,2019-2020,Diego Rico,Spain,26,DF,DF,Bournemouth,27,2332,10000000.0,61,39,49.2,84,91,7,24,54.1,42,145,96,21,0,0,4,4
2019-20,2019-2020,Matt Ritchie,Scotland,29,DF,DF,Newcastle Utd,18,1315,12000000.0,22,15,20.0,14,31,5,15,53.8,23,52,36,7,1,2,1,3
2019-20,2019-2020,Andrew Robertson,Scotland,25,DF,DF,Liverpool,36,3111,80000000.0,54,31,44.3,38,72,7,22,49.3,149,219,166,9,1,2,12,14
2019-20,2019-2020,Antonio Rüdiger,Germany,26,DF,DF,Chelsea,20,1710,50000000.0,28,18,64.0,16,59,9,6,60.6,11,99,112,3,1,2,0,2
2019-20,2019-2020,Romain Saïss,Morocco,29,DF,DF,Wolves,33,2705,8000000.0,55,38,69.6,55,127,16,15,63.6,10,132,113,5,3,2,1,3
2019-20,2019-2020,Bukayo Saka,England,17,DF,DF,Arsenal,26,1753,13000000.0,36,21,51.4,12,19,3,9,14.6,67,67,37,22,0,1,5,6
2019-20,2019-2020,Mamadou Sakho,France,29,DF,DF,Crystal Palace,14,931,12000000.0,7,5,40.0,20,46,5,7,50.0,1,26,28,5,2,0,0,0
2019-20,2019-2020,Davinson Sánchez,Colombia,23,DF,DF,Tottenham,29,2431,60000000.0,44,27,50.0,34,128,28,12,54.1,10,53,44,6,5,0,0,0
2019-20,2019-2020,Fabian Schär,Switzerland,27,DF,DF,Newcastle Utd,22,1672,16000000.0,39,21,47.5,47,74,18,17,50.0,20,53,59,5,2,2,0,2
2019-20,2019-2020,Luke Shaw,England,24,DF,DF,Manchester Utd,24,1733,22000000.0,34,18,57.6,24,56,6,20,56.6,60,122,73,3,1,0,0,0
2019-20,2019-2020,Djibril Sidibé,France,27,DF,DF,Everton,25,1824,12000000.0,83,44,59.7,40,41,3,16,47.5,61,86,56,12,0,0,4,4
2019-20,2019-2020,Adam Smith,England,28,DF,DF,Bournemouth,24,2055,9000000.0,47,32,46.0,25,64,6,21,54.8,75,93,60,14,1,0,1,1
2019-20,2019-2020,Cédric Soares,Portugal,27,DF,DF,Southampton,16,1306,10000000.0,45,26,61.0,19,51,4,14,40.9,29,47,31,9,0,0,1,1
2019-20,2019-2020,Çağlar Söyüncü,Turkey,23,DF,DF,Leicester City,34,3036,40000000.0,60,40,58.7,43,156,19,16,62.9,22,125,112,2,1,1,1,2
2019-20,2019-2020,Jack Stacey,England,23,DF,DF,Bournemouth,19,1549,4000000.0,21,11,36.4,18,64,11,16,57.4,38,50,50,11,1,0,2,2
2019-20,2019-2020,Jack Stephens,England,25,DF,DF,Southampton,28,2451,7000000.0,44,27,52.2,31,120,22,16,42.6,17,81,80,4,2,1,3,4
2019-20,2019-2020,Enda Stevens,Ireland,29,DF,DF,Sheffield Utd,38,3345,7000000.0,81,46,43.8,35,71,8,19,50.0,92,174,110,43,3,2,4,6
2019-20,2019-2020,John Stones,England,25,DF,DF,Manchester City,16,1122,60000000.0,16,10,60.0,9,32,3,2,64.7,22,83,75,0,2,0,0,0
2019-20,2019-2020,Matt Targett,England,23,DF,DF,Aston Villa,28,2291,13000000.0,52,29,41.5,56,82,8,20,49.3,22,115,76,14,0,1,2,3
2019-20,2019-2020,James Tarkowski,England,26,DF,DF,Burnley,38,3420,25000000.0,66,43,57.4,63,204,47,16,74.0,2,83,69,4,4,2,2,4
2019-20,2019-2020,Charlie Taylor,England,25,DF,DF,Burnley,24,1945,5000000.0,39,24,48.7,29,78,9,20,62.5,61,54,43,11,1,0,1,1
2019-20,2019-2020,Neil Taylor,Wales,30,DF,DF,Aston Villa,14,1091,3500000.0,16,11,55.0,20,43,5,10,37.5,7,48,22,2,0,0,0,0
2019-20,2019-2020,Kieran Tierney,Scotland,22,DF,DF,Arsenal,15,989,25000000.0,20,16,73.3,9,37,4,6,37.5,26,34,21,5,1,1,1,2
2019-20,2019-2020,James Tomkins,England,30,DF,DF,Crystal Palace,18,1582,6000000.0,29,17,72.0,21,103,15,2,65.2,1,14,23,1,0,1,1,2
2019-20,2019-2020,Fikayo Tomori,England,21,DF,DF,Chelsea,15,1291,20000000.0,29,16,66.7,22,48,7,6,54.8,14,50,49,4,2,1,0,1
2019-20,2019-2020,Virgil van Dijk,Netherlands,28,DF,DF,Liverpool,38,3420,100000000.0,23,12,46.2,40,166,15,5,77.0,21,170,182,2,2,5,1,6
2019-20,2019-2020,Jan Vertonghen,Belgium,32,DF,DF,Tottenham,23,1645,22000000.0,40,24,64.5,33,68,10,8,70.2,13,58,45,7,0,1,1,2
2019-20,2019-2020,Jannik Vestergaard,Denmark,26,DF,DF,Southampton,19,1497,18000000.0,19,12,39.3,26,99,9,6,73.6,12,55,54,1,2,1,0,1
2019-20,2019-2020,Kyle Walker,England,29,DF,DF,Manchester City,29,2392,50000000.0,28,18,41.4,28,42,6,9,47.6,107,194,203,15,1,1,4,5
2019-20,2019-2020,Aaron Wan-Bissaka,England,21,DF,DF,Manchester Utd,35,3070,40000000.0,129,80,74.4,66,83,13,33,41.4,100,134,102,44,0,0,4,4
2019-20,2019-2020,Joel Ward,England,29,DF,DF,Crystal Palace,29,2382,4000000.0,69,42,69.6,48,93,6,7,64.6,22,115,73,12,1,0,0,0
2019-20,2019-2020,Adam Webster,England,24,DF,DF,Brighton,31,2668,15000000.0,30,17,43.8,45,110,26,17,62.6,29,119,85,5,2,3,1,4
2019-20,2019-2020,Jetro Willems,Netherlands,25,DF,DF,Newcastle Utd,19,1493,7000000.0,37,19,46.2,17,42,5,15,57.9,24,43,29,7,1,2,2,4
2019-20,2019-2020,Brandon Williams,England,18,DF,DF,Manchester Utd,17,1006,12000000.0,21,15,31.0,16,27,4,5,52.6,40,44,30,7,0,1,0,1
2019-20,2019-2020,DeAndre Yedlin,United States,26,DF,DF,Newcastle Utd,16,938,8000000.0,18,13,50.0,10,20,7,6,38.1,12,14,9,5,0,1,0,1
2019-20,2019-2020,Ashley Young,England,34,DF,DF,Manchester Utd,12,955,4000000.0,14,7,29.4,11,29,2,6,65.0,25,72,57,7,0,0,0,0
2019-20,2019-2020,Christoph Zimmermann,Germany,26,DF,DF,Norwich City,17,1430,3500000.0,32,21,70.0,19,87,18,4,55.1,8,33,25,4,2,0,1,1
2019-20,2019-2020,Oleksandr Zinchenko,Ukraine,22,DF,DF,Manchester City,19,1276,30000000.0,31,19,53.1,17,21,0,9,54.2,37,114,96,8,1,0,0,0
2019-20,2019-2020,Kurt Zouma,France,24,DF,DF,Chelsea,28,2344,35000000.0,23,14,56.3,58,116,14,8,75.5,16,108,97,5,2,0,0,0
2020-21,2020-2021,Patrick van Aanholt,Netherlands,29,DF,DF,Crystal Palace,22,1777,8000000.0,35,22,44.2,30,40,6,12,45.8,38,103,71,6,2,0,1,1
2020-21,2020-2021,Tosin Adarabioyo,England,22,DF,DF,Fulham,33,2953,2800000.0,37,19,47.5,42,197,20,6,68.3,5,75,71,5,2,0,0,0
2020-21,2020-2021,Ola Aina,Nigeria,23,DF,DF,Fulham,31,2664,8000000.0,37,20,48.8,45,94,6,16,46.3,63,106,92,10,2,2,1,3
2020-21,2020-2021,Rayan Aït-Nouri,Algeria,19,DF,DF,Wolves,21,1404,17000000.0,29,16,48.1,15,25,1,13,17.9,47,54,35,19,0,1,1,2
2020-21,2020-2021,Semi Ajayi,Nigeria,26,DF,DF,West Brom,33,2780,6000000.0,40,14,56.1,42,122,32,19,57.8,13,73,68,5,2,2,0,2
2020-21,2020-2021,Marc Albrighton,England,30,DF,DF,Leicester City,31,1746,5000000.0,33,19,35.6,17,27,3,26,21.7,46,84,54,29,1,1,5,6
2020-21,2020-2021,Toby Alderweireld,Belgium,31,DF,DF,Tottenham,25,2240,20000000.0,35,22,60.0,10,121,28,12,56.3,3,59,64,2,0,1,0,1
2020-21,2020-2021,Trent Alexander-Arnold,England,21,DF,DF,Liverpool,36,3031,99000000.0,56,33,64.3,49,50,3,21,25.8,98,251,193,22,3,2,7,9
2020-21,2020-2021,Ezgjan Alioski,North Macedonia,28,DF,DF,Leeds United,36,2461,5000000.0,74,31,43.2,23,50,2,15,47.0,77,132,87,15,2,2,3,5
2020-21,2020-2021,Marcos Alonso,Spain,29,DF,DF,Chelsea,13,960,20000000.0,13,3,50.0,12,30,1,11,60.5,24,42,29,9,0,2,0,2
2020-21,2020-2021,Ethan Ampadu,Wales,19,DF,DF,Sheffield Utd,25,2089,15000000.0,57,36,43.5,49,87,19,21,64.2,25,100,76,5,3,0,0,0
2020-21,2020-2021,Joachim Andersen,Denmark,24,DF,DF,Fulham,31,2730,16000000.0,33,19,53.6,44,151,13,11,69.0,20,95,130,3,1,1,1,2
2020-21,2020-2021,Serge Aurier,Ivory Coast,27,DF,DF,Tottenham,19,1605,20000000.0,55,33,37.5,19,44,5,23,47.4,28,59,31,13,3,2,3,5
2020-21,2020-2021,Luke Ayling,England,28,DF,DF,Leeds United,38,3399,5000000.0,108,61,56.3,36,96,36,17,50.0,110,224,179,21,5,0,0,0
2020-21,2020-2021,César Azpilicueta,Spain,30,DF,DF,Chelsea,26,2188,24000000.0,53,28,51.4,28,62,5,25,55.6,37,135,123,6,2,1,2,3
2020-21,2020-2021,Eric Bailly,Ivory Coast,26,DF,DF,Manchester Utd,12,916,17500000.0,5,5,0.0,13,36,11,2,58.5,6,37,26,0,2,0,0,0
2020-21,2020-2021,Fabián Balbuena,Paraguay,28,DF,DF,West Ham,14,1198,8000000.0,24,12,60.9,25,63,6,17,55.3,3,30,30,0,0,1,0,1
2020-21,2020-2021,George Baldock,Greece,27,DF,DF,Sheffield Utd,32,2787,6500000.0,47,34,42.0,25,70,7,19,48.1,68,75,47,20,1,0,2,2
2020-21,2020-2021,Kyle Bartley,England,29,DF,DF,West Brom,30,2584,2800000.0,27,16,47.8,38,159,35,15,65.2,2,44,47,2,1,3,1,4
2020-21,2020-2021,Chris Basham,England,32,DF,DF,Sheffield Utd,31,2576,3000000.0,69,42,61.2,49,105,15,21,47.0,38,82,50,19,1,0,1,1
2020-21,2020-2021,Jan Bednarek,Poland,24,DF,DF,Southampton,36,3100,12000000.0,37,19,51.0,84,132,27,17,64.2,13,76,77,5,0,1,1,2
2020-21,2020-2021,Héctor Bellerín,Spain,25,DF,DF,Arsenal,25,2089,32000000.0,29,19,29.3,33,33,8,18,50.8,46,108,69,5,0,1,2,3
2020-21,2020-2021,Ryan Bertrand,England,30,DF,DF,Southampton,29,2598,10500000.0,60,32,62.5,30,41,1,18,41.1,46,101,64,8,1,0,1,1
2020-21,2020-2021,Jayden Bogle,England,20,DF,DF,Sheffield Utd,16,1110,6300000.0,33,23,51.3,14,22,4,10,45.0,11,24,14,17,0,2,0,2
2020-21,2020-2021,Willy Boly,Ivory Coast,29,DF,DF,Wolves,21,1879,18000000.0,33,20,54.2,32,84,12,6,68.8,5,44,49,3,1,1,1,2
2020-21,2020-2021,Kean Bryan,England,23,DF,DF,Sheffield Utd,13,1004,2000000.0,20,10,47.4,13,39,10,6,62.0,7,22,24,1,1,1,0,1
2020-21,2020-2021,Dan Burn,England,28,DF,DF,Brighton,27,2061,4000000.0,50,26,50.9,31,75,7,23,69.9,34,87,75,9,0,1,0,1
2020-21,2020-2021,Gary Cahill,England,34,DF,DF,Crystal Palace,20,1800,2500000.0,13,9,63.6,13,88,22,5,65.7,3,46,35,1,0,1,1,2
2020-21,2020-2021,João Cancelo,Portugal,26,DF,DF,Manchester City,28,2299,55000000.0,68,41,51.8,41,33,2,21,50.8,80,200,142,21,2,2,3,5
2020-21,2020-2021,Matty Cash,Poland,22,DF,DF,Aston Villa,28,2372,22000000.0,71,40,55.4,60,95,11,39,46.6,43,76,73,13,0,0,2,2
2020-21,2020-2021,Timothy Castagne,Belgium,24,DF,DF,Leicester City,27,2345,16000000.0,52,32,54.5,29,62,5,24,48.2,52,91,96,11,1,2,3,5
2020-21,2020-2021,Ben Chilwell,England,23,DF,DF,Chelsea,27,2286,40000000.0,42,22,45.5,24,58,3,25,53.5,94,111,90,19,0,3,5,8
2020-21,2020-2021,Andreas Christensen,Denmark,24,DF,DF,Chelsea,17,1371,35000000.0,11,6,0.0,20,51,14,5,67.9,7,43,50,1,1,0,0,0
2020-21,2020-2021,Ciaran Clark,Ireland,30,DF,DF,Newcastle Utd,22,1891,4800000.0,24,14,46.2,29,104,20,7,63.3,9,35,36,1,1,1,0,1
2020-21,2020-2021,Nathaniel Clyne,England,29,DF,DF,Crystal Palace,13,1145,8000000.0,17,10,56.3,18,25,2,5,28.6,18,42,24,2,1,0,1,1
2020-21,2020-2021,Conor Coady,England,27,DF,DF,Wolves,37,3303,25000000.0,35,23,54.3,27,134,32,8,58.8,4,67,81,3,2,1,0,1
2020-21,2020-2021,Séamus Coleman,Ireland,31,DF,DF,Everton,25,1613,9500000.0,39,26,70.0,13,37,6,16,45.0,31,49,32,23,2,0,3,3
2020-21,2020-2021,Liam Cooper,Scotland,28,DF,DF,Leeds United,25,2185,7000000.0,68,45,62.7,61,70,32,7,60.6,12,88,63,1,1,1,0,1
2020-21,2020-2021,Vladimír Coufal,Czech Republic,27,DF,DF,West Ham,34,3054,2000000.0,73,36,58.4,41,102,7,34,54.3,70,128,90,16,1,0,7,7
2020-21,2020-2021,Aaron Cresswell,England,30,DF,DF,West Ham,36,3170,6500000.0,32,13,56.3,32,79,14,15,54.7,35,162,174,9,2,0,8,8
2020-21,2020-2021,Scott Dann,England,33,DF,DF,Crystal Palace,15,1350,2800000.0,6,4,36.4,18,59,14,2,63.8,2,34,25,0,1,1,0,1
2020-21,2020-2021,Ben Davies,Wales,27,DF,DF,Tottenham,20,1346,17500000.0,27,17,43.3,18,49,5,5,53.1,28,51,46,2,2,0,1,1
2020-21,2020-2021,Craig Dawson,England,30,DF,DF,West Ham,22,1925,5000000.0,11,8,41.7,32,88,22,4,69.1,2,39,37,0,3,3,0,3
2020-21,2020-2021,Rúben Dias,Portugal,23,DF,DF,Manchester City,32,2843,75000000.0,24,13,25.0,35,92,23,8,61.0,38,154,161,4,0,1,0,1
2020-21,2020-2021,Eric Dier,England,26,DF,DF,Tottenham,28,2520,25000000.0,23,14,61.1,23,123,31,6,59.4,21,65,66,1,3,0,0,0
2020-21,2020-2021,Lucas Digne,France,27,DF,DF,Everton,30,2681,35000000.0,63,38,53.7,31,87,4,38,68.7,59,98,63,20,0,0,7,7
2020-21,2020-2021,Issa Diop,France,23,DF,DF,West Ham,18,1381,25000000.0,20,14,38.9,22,59,22,10,57.1,4,30,22,2,0,2,0,2
2020-21,2020-2021,Matt Doherty,Ireland,28,DF,DF,Tottenham,17,1240,20000000.0,29,15,39.4,23,46,5,15,66.2,18,42,25,9,0,0,2,2
2020-21,2020-2021,Paul Dummett,Wales,28,DF,DF,Newcastle Utd,15,1255,4500000.0,16,7,61.9,16,74,7,5,55.7,2,29,34,0,0,1,0,1
2020-21,2020-2021,Lewis Dunk,England,28,DF,DF,Brighton,33,2931,16000000.0,30,15,69.6,32,106,20,9,67.8,27,82,100,1,0,5,0,5
2020-21,2020-2021,John Egan,Ireland,27,DF,DF,Sheffield Utd,31,2629,13000000.0,41,21,56.4,41,131,31,12,58.8,11,60,67,1,0,0,1,1
2020-21,2020-2021,Jonny Evans,Northern Ireland,32,DF,DF,Leicester City,28,2473,10000000.0,25,12,70.0,46,98,3,5,71.9,7,96,90,4,1,2,2,4
2020-21,2020-2021,Fabinho,Brazil,26,DF,DF,Liverpool,30,2567,60000000.0,58,31,50.0,44,66,10,18,50.9,27,124,102,7,1,0,0,0
2020-21,2020-2021,Federico Fernández,Argentina,31,DF,DF,Newcastle Utd,24,2079,4500000.0,29,22,81.0,17,147,31,10,62.3,1,32,25,2,0,0,0,0
2020-21,2020-2021,Wesley Fofana,France,19,DF,DF,Leicester City,28,2262,5400000.0,51,37,67.4,61,94,16,12,59.5,37,93,105,12,0,0,0,0
2020-21,2020-2021,Darnell Furlong,England,24,DF,DF,West Brom,35,2932,5000000.0,45,27,47.7,49,90,16,23,57.1,44,78,63,10,0,1,3,4
2020-21,2020-2021,Ben Godfrey,England,22,DF,DF,Everton,31,2685,11500000.0,55,33,65.9,33,120,37,19,64.0,46,63,63,6,0,0,2,2
2020-21,2020-2021,Rob Holding,England,24,DF,DF,Arsenal,30,2558,18000000.0,43,20,48.6,24,120,27,10,54.2,10,114,123,6,0,0,1,1
2020-21,2020-2021,Mason Holgate,England,23,DF,DF,Everton,28,2287,20000000.0,56,36,40.0,35,90,13,24,66.1,21,57,55,6,3,1,0,1
2020-21,2020-2021,Reece James,England,20,DF,DF,Chelsea,32,2373,45000000.0,55,35,47.7,17,52,7,29,62.5,80,128,90,23,0,1,2,3
2020-21,2020-2021,James Justin,England,22,DF,DF,Leicester City,23,2070,3600000.0,61,37,48.8,30,58,10,26,38.2,64,94,54,14,1,2,1,3
2020-21,2020-2021,Michael Keane,England,27,DF,DF,Everton,35,2991,25000000.0,28,15,45.2,51,161,33,13,69.4,14,78,94,5,0,3,1,4
2020-21,2020-2021,Robin Koch,Germany,24,DF,DF,Leeds United,17,1132,17000000.0,27,16,52.6,27,34,12,6,56.1,8,49,35,0,2,0,0,0
2020-21,2020-2021,Ezri Konsa,England,22,DF,DF,Aston Villa,36,3196,6500000.0,25,13,69.2,29,162,47,6,63.3,3,32,37,7,1,2,0,2
2020-21,2020-2021,Cheikhou Kouyaté,Senegal,30,DF,DF,Crystal Palace,36,3121,8000000.0,58,37,58.1,32,125,26,16,60.3,6,32,39,8,2,1,0,1
2020-21,2020-2021,Emil Krafth,Sweden,25,DF,DF,Newcastle Utd,16,1288,4000000.0,19,8,48.0,15,52,9,6,56.8,12,28,24,4,2,1,0,1
2020-21,2020-2021,Aymeric Laporte,Spain,26,DF,DF,Manchester City,16,1344,60000000.0,13,6,63.6,11,28,7,5,66.1,28,99,107,1,0,0,0,0
2020-21,2020-2021,Jamaal Lascelles,England,26,DF,DF,Newcastle Utd,19,1625,14500000.0,14,7,50.0,12,86,17,10,65.7,4,22,22,1,0,2,0,2
2020-21,2020-2021,Jamal Lewis,Northern Ireland,22,DF,DF,Newcastle Utd,24,1837,17000000.0,37,20,42.1,11,44,7,14,40.0,27,41,31,13,1,0,1,1
2020-21,2020-2021,Victor Lindelöf,Sweden,26,DF,DF,Manchester Utd,29,2585,28000000.0,22,10,50.0,30,95,14,8,66.0,18,92,92,3,1,1,1,2
2020-21,2020-2021,Diego Llorente,Spain,26,DF,DF,Leeds United,15,1204,20000000.0,34,21,59.4,20,40,13,5,57.9,7,26,21,7,2,1,0,1
2020-21,2020-2021,Matthew Lowton,England,31,DF,DF,Burnley,34,3060,4000000.0,54,32,43.8,56,91,13,23,58.9,49,127,125,10,1,1,1,2
2020-21,2020-2021,David Luiz,Brazil,33,DF,DF,Arsenal,20,1396,6000000.0,12,9,100.0,16,50,9,7,72.9,22,68,66,2,2,1,0,1
2020-21,2020-2021,Gabriel Magalhães,Brazil,22,DF,DF,Arsenal,23,1996,17500000.0,25,15,68.4,26,74,19,8,58.8,18,80,67,6,2,2,0,2
2020-21,2020-2021,Harry Maguire,England,27,DF,DF,Manchester Utd,34,3047,56000000.0,29,17,62.1,60,122,23,5,75.8,42,194,175,6,4,2,1,3
2020-21,2020-2021,Solly March,England,26,DF,DF,Brighton,21,1672,6500000.0,49,23,52.9,22,30,5,25,38.9,74,79,41,24,0,2,1,3
2020-21,2020-2021,Pablo Marí,Spain,26,DF,DF,Arsenal,10,900,7000000.0,15,9,50.0,9,30,7,1,54.3,4,21,13,0,2,0,0,0
2020-21,2020-2021,Arthur Masuaku,Democratic Republic of the Congo,26,DF,DF,West Ham,12,1006,8000000.0,20,12,32.4,8,28,0,12,36.4,45,43,34,15,2,0,2,2
2020-21,2020-2021,Ben Mee,England,30,DF,DF,Burnley,30,2693,8000000.0,32,15,48.3,43,148,45,9,62.4,0,54,44,2,2,2,0,2
2020-21,2020-2021,Benjamin Mendy,France,26,DF,DF,Manchester City,13,953,28000000.0,13,9,23.8,5,14,5,7,40.0,13,29,25,5,1,2,1,3
2020-21,2020-2021,Yerry Mina,Colombia,25,DF,DF,Everton,24,1937,20000000.0,21,14,66.7,24,110,23,7,67.7,9,48,40,1,1,2,0,2
2020-21,2020-2021,Tyrone Mings,England,27,DF,DF,Aston Villa,36,3194,22500000.0,32,16,66.7,41,172,40,19,72.0,12,104,97,4,3,2,2,4
2020-21,2020-2021,Tyrick Mitchell,England,20,DF,DF,Crystal Palace,19,1710,12000000.0,64,35,57.5,21,62,10,19,42.3,15,77,51,12,1,1,1,2
2020-21,2020-2021,Jacob Murphy,England,25,DF,DF,Newcastle Utd,26,1626,5000000.0,39,24,49.0,14,29,3,24,20.0,48,47,25,25,0,2,3,5
2020-21,2020-2021,Dara O'Shea,Ireland,21,DF,DF,West Brom,28,2102,3000000.0,45,25,46.7,45,108,17,15,62.5,7,62,76,4,0,0,0,0
2020-21,2020-2021,Angelo Ogbonna,Italy,32,DF,DF,West Ham,28,2492,5000000.0,26,13,52.9,30,119,11,14,57.8,7,36,27,5,0,3,0,3
2020-21,2020-2021,Ricardo Pereira,Portugal,26,DF,DF,Leicester City,15,959,32000000.0,31,22,40.0,15,23,1,23,45.8,20,45,26,16,0,0,1,1
2020-21,2020-2021,Nathaniel Phillips,England,23,DF,DF,Liverpool,17,1456,8000000.0,22,14,45.8,20,81,14,3,66.9,9,55,62,3,0,1,1,2
2020-21,2020-2021,Erik Pieters,Netherlands,31,DF,DF,Burnley,20,1266,3000000.0,30,21,48.7,12,34,9,21,59.1,14,37,28,10,0,0,1,1
2020-21,2020-2021,Sergio Reguilón,Spain,23,DF,DF,Tottenham,27,2244,28000000.0,47,25,47.9,32,50,7,32,45.3,52,73,53,15,1,0,3,3
2020-21,2020-2021,Matt Ritchie,Scotland,30,DF,DF,Newcastle Utd,18,1350,9500000.0,10,3,17.6,12,47,2,15,41.4,23,38,32,5,0,0,2,2
2020-21,2020-2021,Andrew Robertson,Scotland,26,DF,DF,Liverpool,38,3383,64000000.0,46,34,49.1,21,79,9,30,52.7,119,228,194,11,1,1,7,8
2020-21,2020-2021,Antonee Robinson,United States,22,DF,DF,Fulham,28,2162,3500000.0,45,28,61.4,37,68,4,17,66.7,98,82,48,22,0,0,0,0
2020-21,2020-2021,Antonio Rüdiger,Germany,27,DF,DF,Chelsea,19,1710,40000000.0,31,23,80.0,18,51,10,7,67.7,24,71,98,1,0,1,0,1
2020-21,2020-2021,Romain Saïss,Morocco,30,DF,DF,Wolves,27,2407,10000000.0,35,24,57.6,52,115,13,15,54.6,12,100,113,2,1,3,0,3
2020-21,2020-2021,Davinson Sánchez,Colombia,24,DF,DF,Tottenham,18,1486,48000000.0,40,20,65.6,14,85,13,5,60.5,2,36,18,3,2,0,0,0
2020-21,2020-2021,Fabian Schär,Switzerland,28,DF,DF,Newcastle Utd,18,1246,13000000.0,13,4,36.8,27,52,12,7,40.0,6,41,39,5,1,1,0,1
2020-21,2020-2021,Nélson Semedo,Portugal,26,DF,DF,Wolves,34,2983,32000000.0,85,48,58.3,41,78,10,20,48.2,111,138,117,27,2,1,1,2
2020-21,2020-2021,Luke Shaw,England,25,DF,DF,Manchester Utd,32,2654,17500000.0,44,28,58.3,20,44,9,25,57.6,110,147,103,21,2,1,5,6
2020-21,2020-2021,Thiago Silva,Brazil,35,DF,DF,Chelsea,23,1935,4800000.0,20,12,66.7,33,86,13,8,63.5,6,82,107,2,1,2,0,2
2020-21,2020-2021,Çağlar Söyüncü,Turkey,24,DF,DF,Leicester City,23,1819,32000000.0,27,17,56.7,28,80,9,3,62.9,27,90,76,4,1,1,0,1
2020-21,2020-2021,Jack Stephens,England,26,DF,DF,Southampton,18,1537,5500000.0,34,19,44.7,28,64,14,11,52.6,17,65,67,5,2,0,0,0
2020-21,2020-2021,Enda Stevens,Ireland,30,DF,DF,Sheffield Utd,30,2700,5500000.0,59,26,56.9,22,81,12,29,51.5,44,124,88,29,1,0,1,1
2020-21,2020-2021,John Stones,England,26,DF,DF,Manchester City,22,1933,30000000.0,21,10,64.3,18,56,15,8,66.7,38,101,115,2,1,4,0,4
2020-21,2020-2021,Matt Targett,England,24,DF,DF,Aston Villa,38,3404,17000000.0,83,39,63.6,55,102,14,26,58.7,26,231,161,6,1,0,2,2
2020-21,2020-2021,James Tarkowski,England,27,DF,DF,Burnley,36,3240,28000000.0,66,39,51.0,44,163,42,12,69.9,4,83,69,4,1,1,0,1
2020-21,2020-2021,Charlie Taylor,England,26,DF,DF,Burnley,29,2426,4000000.0,48,28,54.3,29,87,19,17,56.5,62,73,71,9,2,0,1,1
2020-21,2020-2021,Kenny Tete,Netherlands,24,DF,DF,Fulham,22,1481,5500000.0,48,30,55.6,27,49,5,9,60.4,38,71,37,8,0,0,1,1
2020-21,2020-2021,Luke Thomas,England,19,DF,DF,Leicester City,14,969,5000000.0,23,14,66.7,17,21,2,13,45.5,15,27,19,12,0,1,0,1
2020-21,2020-2021,Kieran Tierney,Scotland,23,DF,DF,Arsenal,27,2299,20000000.0,27,15,35.5,16,63,10,21,27.6,82,95,64,14,0,1,3,4
2020-21,2020-2021,Conor Townsend,England,27,DF,DF,West Brom,25,2234,2000000.0,44,28,61.2,36,55,15,23,55.3,37,113,82,7,2,0,2,2
2020-21,2020-2021,Joël Veltman,Netherlands,28,DF,DF,Brighton,28,2281,6000000.0,67,33,50.9,33,64,5,19,52.5,39,136,100,7,0,1,1,2
2020-21,2020-2021,Jannik Vestergaard,Denmark,27,DF,DF,Southampton,30,2574,18000000.0,50,31,67.3,42,122,16,13,64.5,14,82,90,6,0,3,0,3
2020-21,2020-2021,Kyle Walker,England,30,DF,DF,Manchester City,24,1946,40000000.0,29,19,66.7,14,28,7,12,65.9,80,130,183,17,0,1,1,2
2020-21,2020-2021,Kyle Walker-Peters,England,23,DF,DF,Southampton,30,2645,8000000.0,83,53,59.6,38,66,10,31,28.1,92,89,67,49,2,0,2,2
2020-21,2020-2021,Aaron Wan-Bissaka,England,22,DF,DF,Manchester Utd,34,3060,32000000.0,88,54,71.1,62,84,17,48,50.7,89,145,93,21,2,2,4,6
2020-21,2020-2021,Joel Ward,England,30,DF,DF,Crystal Palace,26,2256,3200000.0,43,25,57.1,41,87,8,19,53.3,20,83,66,8,2,0,1,1
2020-21,2020-2021,Adam Webster,England,25,DF,DF,Brighton,29,2594,12000000.0,29,16,48.0,47,92,16,13,59.7,42,133,125,6,3,1,0,1
2020-21,2020-2021,Ben White,England,22,DF,DF,Brighton,36,3191,40000000.0,49,26,42.1,62,56,22,24,50.0,50,149,117,10,0,0,0,0
2020-21,2020-2021,Oleksandr Zinchenko,Ukraine,23,DF,DF,Manchester City,20,1478,24000000.0,25,15,58.3,23,28,4,13,65.9,38,118,122,6,0,0,0,0
2020-21,2020-2021,Kurt Zouma,France,25,DF,DF,Chelsea,24,2029,35000000.0,16,10,50.0,28,93,9,4,68.9,14,74,77,4,0,5,0,5
2021-22,2021-2022,Max Aarons,England,21,DF,DF,Norwich City,34,2881,20000000.0,64,44,67.3,28,96,19,20,20.6,78,117,50,23,1,0,2,2
2021-22,2021-2022,Rayan Aït-Nouri,Algeria,20,DF,DF,Wolves,23,1828,22000000.0,64,36,50.0,22,39,2,22,56.7,60,49,28,27,1,1,2,3
2021-22,2021-2022,Kristoffer Ajer,Norway,23,DF,DF,Brentford,24,1995,16000000.0,29,18,61.9,26,74,11,8,61.3,30,82,41,7,0,1,3,4
2021-22,2021-2022,Nathan Aké,Netherlands,26,DF,DF,Manchester City,14,923,30000000.0,16,9,75.0,8,23,5,2,75.5,12,57,63,3,0,2,0,2
2021-22,2021-2022,Trent Alexander-Arnold,England,22,DF,DF,Liverpool,32,2853,70000000.0,40,23,45.0,43,40,4,18,53.6,53,267,245,19,0,2,12,14
2021-22,2021-2022,Marcos Alonso,Spain,30,DF,DF,Chelsea,28,2167,12000000.0,41,29,47.2,43,53,5,24,58.8,51,93,67,25,0,4,4,8
2021-22,2021-2022,Daniel Amartey,Ghana,26,DF,DF,Leicester City,28,2123,10000000.0,26,13,65.5,21,93,22,8,47.1,14,62,71,1,4,0,0,0
2021-22,2021-2022,Joachim Andersen,Denmark,25,DF,DF,Crystal Palace,34,2916,32000000.0,30,23,59.3,37,125,19,10,53.8,14,100,151,8,3,0,3,3
2021-22,2021-2022,Luke Ayling,England,29,DF,DF,Leeds United,26,2272,4000000.0,74,42,52.6,28,52,25,21,40.5,45,135,98,10,1,2,2,4
2021-22,2021-2022,César Azpilicueta,Spain,31,DF,DF,Chelsea,27,2070,8000000.0,51,28,45.7,23,65,9,23,61.3,49,138,104,10,1,1,2,3
2021-22,2021-2022,Jan Bednarek,Poland,25,DF,DF,Southampton,31,2629,18000000.0,32,15,57.6,72,141,27,21,70.5,0,61,81,4,0,4,0,4
2021-22,2021-2022,Willy Boly,Ivory Coast,30,DF,DF,Wolves,10,900,14000000.0,25,19,53.3,14,35,6,8,50.0,6,20,20,3,0,0,0,0
2021-22,2021-2022,Dan Burn,England,29,DF,DF,Newcastle Utd,16,1440,12000000.0,16,11,63.6,20,101,14,8,68.7,6,31,32,3,0,0,1,1
2021-22,2021-2022,Dan Burn,England,29,DF,DF,Brighton,13,1022,12000000.0,22,12,40.0,24,51,10,4,60.4,9,50,43,1,0,1,0,1
2021-22,2021-2022,Sam Byram,England,27,DF,DF,Norwich City,15,1027,2000000.0,24,15,70.4,22,48,11,10,50.0,11,23,15,4,0,0,0,0
2021-22,2021-2022,João Cancelo,Portugal,27,DF,DF,Manchester City,36,3227,70000000.0,83,54,50.5,59,45,3,22,52.8,125,357,308,24,1,1,7,8
2021-22,2021-2022,Sergi Canós,Spain,24,DF,DF,Brentford,31,2083,14000000.0,56,25,55.0,22,38,3,29,25.0,52,59,47,25,0,3,2,5
2021-22,2021-2022,Matty Cash,Poland,23,DF,DF,Aston Villa,38,3377,25000000.0,89,50,60.3,49,100,16,38,48.3,89,96,71,31,2,4,3,7
2021-22,2021-2022,Timothy Castagne,Belgium,25,DF,DF,Leicester City,27,2127,28000000.0,67,31,62.8,29,54,9,19,50.6,32,72,66,11,1,1,0,1
2021-22,2021-2022,Craig Cathcart,Northern Ireland,32,DF,DF,Watford,31,2396,1500000.0,32,15,53.3,28,132,29,10,58.5,6,52,48,2,3,0,1,1
2021-22,2021-2022,Trevoh Chalobah,England,22,DF,DF,Chelsea,20,1449,22000000.0,40,27,77.4,19,43,6,10,53.3,24,88,106,7,2,3,1,4
2021-22,2021-2022,Andreas Christensen,Denmark,25,DF,DF,Chelsea,19,1496,30000000.0,14,8,57.1,29,57,6,8,55.8,14,81,88,1,1,0,0,0
2021-22,2021-2022,Ciaran Clark,Ireland,31,DF,DF,Newcastle Utd,13,1014,2500000.0,13,10,64.3,13,43,11,3,63.4,2,17,15,2,1,0,1,1
2021-22,2021-2022,Nathaniel Clyne,England,30,DF,DF,Crystal Palace,16,1351,3000000.0,21,10,50.0,15,32,2,5,58.8,14,36,24,4,0,0,1,1
2021-22,2021-2022,Conor Coady,England,28,DF,DF,Wolves,38,3361,25000000.0,31,14,57.1,28,140,40,6,57.1,6,35,51,1,0,4,0,4
2021-22,2021-2022,Séamus Coleman,Ireland,32,DF,DF,Everton,30,2656,5000000.0,61,36,64.7,32,80,11,19,52.1,40,96,86,20,2,1,0,1
2021-22,2021-2022,Nathan Collins,Ireland,20,DF,DF,Burnley,19,1670,10000000.0,37,15,63.0,24,83,25,13,64.8,7,44,46,4,2,2,0,2
2021-22,2021-2022,Liam Cooper,Scotland,29,DF,DF,Leeds United,21,1814,7000000.0,41,23,69.7,43,72,18,11,65.1,7,46,31,1,2,0,1,1
2021-22,2021-2022,Vladimír Coufal,Czech Republic,28,DF,DF,West Ham,28,2209,9000000.0,45,25,50.0,22,64,9,22,49.3,51,113,63,15,1,0,4,4
2021-22,2021-2022,Aaron Cresswell,England,31,DF,DF,West Ham,31,2726,4000000.0,28,18,52.0,35,66,18,13,57.1,54,186,131,4,0,2,3,5
2021-22,2021-2022,Marc Cucurella,Spain,23,DF,DF,Brighton,35,3089,55000000.0,93,62,62.0,30,74,14,28,52.6,104,191,158,15,0,1,1,2
2021-22,2021-2022,Stuart Dallas,Northern Ireland,30,DF,DF,Leeds United,34,2919,4000000.0,93,55,53.3,57,63,14,31,48.5,82,170,108,25,2,1,1,2
2021-22,2021-2022,Diogo Dalot,Portugal,22,DF,DF,Manchester Utd,24,1801,32000000.0,55,41,54.4,29,59,13,11,63.0,53,105,80,8,0,0,0,0
2021-22,2021-2022,Ben Davies,Wales,28,DF,DF,Tottenham,29,2538,20000000.0,36,21,50.0,30,75,19,13,56.3,62,137,112,10,1,1,1,2
2021-22,2021-2022,Craig Dawson,England,31,DF,DF,West Ham,34,2754,3000000.0,29,17,56.0,29,139,52,7,62.8,4,54,85,5,0,2,2,4
2021-22,2021-2022,Rúben Dias,Portugal,24,DF,DF,Manchester City,29,2402,75000000.0,26,19,53.3,23,66,13,6,57.5,33,139,209,3,0,2,4,6
2021-22,2021-2022,Eric Dier,England,27,DF,DF,Tottenham,35,3071,30000000.0,15,9,50.0,27,142,32,5,56.5,13,103,98,2,1,0,0,0
2021-22,2021-2022,Lucas Digne,France,28,DF,DF,Aston Villa,16,1269,22000000.0,13,10,47.4,23,40,8,7,53.5,34,48,33,13,0,0,4,4
2021-22,2021-2022,Lucas Digne,France,28,DF,DF,Everton,13,1170,22000000.0,33,19,75.0,14,30,5,11,60.0,25,49,41,6,0,0,0,0
2021-22,2021-2022,Issa Diop,France,24,DF,DF,West Ham,13,963,15000000.0,10,8,36.4,7,44,13,1,48.5,4,14,15,1,0,0,1,1
2021-22,2021-2022,Shane Duffy,Ireland,29,DF,DF,Brighton,18,1436,5000000.0,15,12,57.1,16,76,18,6,71.4,3,41,50,0,1,1,0,1
2021-22,2021-2022,Lewis Dunk,England,29,DF,DF,Brighton,29,2573,25000000.0,10,8,45.5,27,113,28,4,68.6,14,83,87,3,3,1,0,1
2021-22,2021-2022,Emerson,Brazil,22,DF,DF,Tottenham,31,2286,12000000.0,72,47,53.7,22,92,2,23,44.0,68,68,32,18,1,1,1,2
2021-22,2021-2022,Jonny Evans,Northern Ireland,33,DF,DF,Leicester City,18,1348,5000000.0,24,14,63.6,20,59,13,4,73.8,1,49,52,0,0,1,1,2
2021-22,2021-2022,Kiko Femenía,Spain,30,DF,DF,Watford,27,2142,3500000.0,35,22,56.8,37,51,8,16,46.2,40,100,56,7,0,0,5,5
2021-22,2021-2022,Junior Firpo,Dominican Republic,24,DF,DF,Leeds United,24,1711,12000000.0,61,29,52.5,24,37,6,16,58.7,36,111,70,7,0,0,2,2
2021-22,2021-2022,Dimitris Giannoulis,Greece,25,DF,DF,Norwich City,18,1169,6000000.0,36,21,66.7,19,41,6,16,53.3,33,40,24,11,1,0,1,1
2021-22,2021-2022,Ben Gibson,England,28,DF,DF,Norwich City,28,2494,7000000.0,23,16,58.3,27,139,30,6,57.1,11,68,74,2,2,0,0,0
2021-22,2021-2022,Ben Godfrey,England,23,DF,DF,Everton,23,2029,18000000.0,47,32,61.5,15,100,19,22,45.6,23,67,47,4,2,0,0,0
2021-22,2021-2022,Marc Guéhi,England,21,DF,DF,Crystal Palace,36,3222,35000000.0,35,17,93.8,30,127,26,8,55.7,17,111,116,7,0,2,1,3
2021-22,2021-2022,Grant Hanley,Scotland,29,DF,DF,Norwich City,33,2897,2800000.0,44,25,51.4,56,176,45,11,75.6,2,27,23,1,2,1,0,1
2021-22,2021-2022,Rico Henry,England,24,DF,DF,Brentford,34,2776,22000000.0,28,20,35.3,26,76,10,21,40.3,61,81,60,34,1,3,0,3
2021-22,2021-2022,Mason Holgate,England,24,DF,DF,Everton,25,2134,18000000.0,35,18,42.3,26,95,17,8,66.3,4,40,43,7,1,2,1,3
2021-22,2021-2022,Reece James,England,21,DF,DF,Chelsea,26,1864,70000000.0,33,25,40.9,17,22,2,18,44.7,52,149,67,22,0,5,9,14
2021-22,2021-2022,Pontus Jansson,Sweden,30,DF,DF,Brentford,37,3321,7000000.0,40,21,64.7,52,187,27,10,55.7,4,67,35,5,0,3,1,4
2021-22,2021-2022,Ben Johnson,England,21,DF,DF,West Ham,20,1397,9000000.0,33,16,75.0,22,55,8,8,44.1,23,64,50,9,0,1,0,1
2021-22,2021-2022,James Justin,England,23,DF,DF,Leicester City,13,998,25000000.0,22,13,46.7,17,34,4,12,44.8,23,44,23,10,0,0,0,0
2021-22,2021-2022,Christian Kabasele,Belgium,30,DF,DF,Watford,16,1193,4000000.0,11,5,70.0,14,67,16,4,79.7,5,21,19,1,1,0,0,0
2021-22,2021-2022,Hassane Kamara,Ivory Coast,27,DF,DF,Watford,19,1623,7000000.0,53,34,62.8,69,67,4,16,66.7,32,55,47,6,0,1,0,1
2021-22,2021-2022,Michael Keane,England,28,DF,DF,Everton,32,2792,25000000.0,46,25,62.2,62,128,28,5,61.9,9,79,83,2,2,3,2,5
2021-22,2021-2022,Ibrahima Konaté,France,22,DF,DF,Liverpool,11,990,35000000.0,16,10,70.0,16,37,9,4,64.2,7,51,47,1,1,0,0,0
2021-22,2021-2022,Ezri Konsa,England,23,DF,DF,Aston Villa,29,2477,25000000.0,25,15,76.9,15,86,22,9,58.0,8,45,30,6,2,2,0,2
2021-22,2021-2022,Emil Krafth,Sweden,26,DF,DF,Newcastle Utd,20,1634,4000000.0,37,16,75.0,25,56,10,6,43.1,29,50,35,4,0,0,1,1
2021-22,2021-2022,Tariq Lamptey,Ghana,20,DF,DF,Brighton,30,1561,18000000.0,36,25,60.0,21,23,3,10,20.6,81,36,26,21,0,0,2,2
2021-22,2021-2022,Aymeric Laporte,Spain,27,DF,DF,Manchester City,33,2828,38000000.0,33,15,70.0,20,64,10,5,61.9,51,271,309,7,2,4,0,4
2021-22,2021-2022,Jamaal Lascelles,England,27,DF,DF,Newcastle Utd,26,2058,11000000.0,15,7,33.3,22,121,28,10,74.2,0,18,20,2,1,1,0,1
2021-22,2021-2022,Victor Lindelöf,Sweden,27,DF,DF,Manchester Utd,28,2355,15000000.0,16,11,64.3,25,96,17,9,61.2,14,72,75,1,0,0,2,2
2021-22,2021-2022,Diego Llorente,Spain,27,DF,DF,Leeds United,28,2340,12000000.0,53,31,70.2,40,77,17,18,43.4,20,97,68,3,2,3,0,3
2021-22,2021-2022,Matthew Lowton,England,32,DF,DF,Burnley,25,1772,2000000.0,38,24,54.1,26,68,11,14,61.0,21,74,65,6,0,1,2,3
2021-22,2021-2022,Lyanco,Brazil,24,DF,DF,Southampton,15,911,5000000.0,18,15,55.6,13,50,13,5,57.6,3,18,25,2,1,0,0,0
2021-22,2021-2022,Gabriel Magalhães,Brazil,23,DF,DF,Arsenal,35,3063,40000000.0,50,30,73.2,13,112,26,8,58.5,12,110,126,5,4,5,0,5
2021-22,2021-2022,Harry Maguire,England,28,DF,DF,Manchester Utd,30,2515,30000000.0,34,21,61.3,32,101,29,7,72.8,22,115,116,5,3,1,0,1
2021-22,2021-2022,Javier Manquillo,Spain,27,DF,DF,Newcastle Utd,19,1257,3000000.0,39,29,58.3,10,32,6,9,55.2,6,22,19,3,0,1,2,3
2021-22,2021-2022,Solly March,England,27,DF,DF,Brighton,31,1746,12000000.0,30,17,31.8,17,25,3,19,39.5,71,69,30,29,0,0,2,2
2021-22,2021-2022,Adam Masina,Morocco,27,DF,DF,Watford,15,1077,4000000.0,24,13,41.4,18,45,6,12,63.0,9,37,33,1,0,0,1,1
2021-22,2021-2022,Ben Mee,England,31,DF,DF,Burnley,21,1839,4000000.0,26,12,63.2,24,94,22,6,62.4,3,38,51,0,1,3,0,3
2021-22,2021-2022,Tyrone Mings,England,28,DF,DF,Aston Villa,36,3189,25000000.0,23,12,63.6,46,153,30,17,63.3,23,91,85,4,2,1,3,4
2021-22,2021-2022,Tyrick Mitchell,England,21,DF,DF,Crystal Palace,36,3101,28000000.0,104,57,68.7,41,101,5,42,47.5,41,134,103,26,0,0,2,2
2021-22,2021-2022,Vitaliy Mykolenko,Ukraine,22,DF,DF,Everton,13,1055,22000000.0,25,15,57.1,16,37,2,13,45.5,8,27,21,4,0,1,0,1
2021-22,2021-2022,Jeremy Ngakia,England,20,DF,DF,Watford,16,903,4000000.0,31,18,42.3,12,32,4,7,47.1,18,39,37,5,0,0,0,0
2021-22,2021-2022,Angelo Ogbonna,Italy,33,DF,DF,West Ham,11,921,2000000.0,7,4,42.9,11,29,4,1,69.2,2,14,16,1,0,1,0,1
2021-22,2021-2022,Ricardo Pereira,Portugal,27,DF,DF,Leicester City,14,991,25000000.0,37,20,52.5,17,39,1,12,51.7,28,43,19,6,0,1,3,4
2021-22,2021-2022,Romain Perraud,France,23,DF,DF,Southampton,20,1623,10000000.0,34,22,55.2,17,42,6,18,40.0,34,48,36,9,0,0,1,1
2021-22,2021-2022,Ethan Pinnock,Jamaica,28,DF,DF,Brentford,32,2694,12000000.0,51,35,65.8,44,154,11,19,66.7,11,77,81,7,1,1,1,2
2021-22,2021-2022,Sergio Reguilón,Spain,24,DF,DF,Tottenham,25,1916,28000000.0,40,24,51.2,31,45,8,12,58.5,63,50,35,13,1,2,3,5
2021-22,2021-2022,Matt Ritchie,Scotland,31,DF,DF,Newcastle Utd,18,1337,2000000.0,22,15,37.0,13,26,2,8,45.2,8,48,42,5,0,0,2,2
2021-22,2021-2022,Connor Roberts,Wales,25,DF,DF,Burnley,21,1692,4500000.0,20,13,66.7,22,62,5,20,43.3,23,61,46,6,1,1,1,2
2021-22,2021-2022,Andrew Robertson,Scotland,27,DF,DF,Liverpool,29,2537,55000000.0,36,21,57.1,23,61,3,21,65.0,96,186,131,15,0,3,10,13
2021-22,2021-2022,Mads Roerslev,Denmark,22,DF,DF,Brentford,21,1240,2500000.0,23,12,43.8,16,29,5,9,32.4,14,22,16,4,0,1,1,2
2021-22,2021-2022,Cristian Romero,Argentina,23,DF,DF,Tottenham,22,1844,55000000.0,62,39,64.7,33,74,21,25,58.9,23,65,57,5,1,1,0,1
2021-22,2021-2022,Antonio Rüdiger,Germany,28,DF,DF,Chelsea,34,3035,40000000.0,48,28,75.0,28,91,11,9,73.7,54,188,219,8,1,3,0,3
2021-22,2021-2022,Romain Saïss,Morocco,31,DF,DF,Wolves,31,2705,9000000.0,40,27,57.6,58,158,21,20,59.0,18,137,159,5,2,2,0,2
2021-22,2021-2022,Mohammed Salisu,Ghana,22,DF,DF,Southampton,34,2972,18000000.0,80,47,61.5,78,158,26,23,62.7,31,136,150,10,4,0,0,0
2021-22,2021-2022,Davinson Sánchez,Colombia,25,DF,DF,Tottenham,23,1631,32000000.0,41,22,67.9,30,54,16,8,55.6,21,65,70,2,3,2,0,2
2021-22,2021-2022,Fabian Schär,Switzerland,29,DF,DF,Newcastle Utd,25,2158,10000000.0,16,11,50.0,32,95,18,9,51.7,20,59,69,5,2,2,2,4
2021-22,2021-2022,Ryan Sessegnon,England,21,DF,DF,Tottenham,15,1047,22000000.0,25,19,50.0,7,26,3,15,42.3,30,22,13,12,0,0,2,2
2021-22,2021-2022,Luke Shaw,England,26,DF,DF,Manchester Utd,20,1601,28000000.0,21,13,57.1,9,22,11,11,57.1,48,82,74,14,2,0,3,3
2021-22,2021-2022,Thiago Silva,Brazil,36,DF,DF,Chelsea,32,2650,3000000.0,32,21,50.0,44,100,31,23,64.4,14,145,197,3,0,3,0,3
2021-22,2021-2022,Cédric Soares,Portugal,29,DF,DF,Arsenal,21,1486,6000000.0,38,26,64.0,16,31,7,11,30.8,17,84,86,11,1,1,1,2
2021-22,2021-2022,Çağlar Söyüncü,Turkey,25,DF,DF,Leicester City,28,2497,22000000.0,47,30,61.9,32,115,27,17,65.7,19,71,70,3,1,1,0,1
2021-22,2021-2022,John Stones,England,27,DF,DF,Manchester City,14,1119,28000000.0,5,3,66.7,11,27,3,0,82.5,28,63,82,1,1,1,0,1
2021-22,2021-2022,Pascal Struijk,Netherlands,21,DF,DF,Leeds United,29,2055,20000000.0,61,39,60.0,33,60,23,12,50.6,8,86,62,5,2,1,0,1
2021-22,2021-2022,Matt Targett,England,25,DF,DF,Aston Villa,17,1431,17000000.0,34,18,53.3,23,35,9,7,69.6,19,83,68,4,0,1,1,2
2021-22,2021-2022,Matt Targett,England,25,DF,DF,Newcastle Utd,16,1440,17000000.0,41,26,64.9,25,39,4,11,61.3,11,53,47,5,1,0,0,0
2021-22,2021-2022,James Tarkowski,England,28,DF,DF,Burnley,35,3106,22000000.0,65,45,70.2,48,186,61,14,71.2,3,97,75,5,4,1,2,3
2021-22,2021-2022,Nuno Tavares,Portugal,21,DF,DF,Arsenal,22,1176,18000000.0,21,14,44.4,9,33,5,10,51.1,47,42,37,13,1,1,1,2
2021-22,2021-2022,Charlie Taylor,England,27,DF,DF,Burnley,31,2731,4000000.0,45,26,59.1,58,95,20,22,65.9,58,91,72,15,2,0,3,3
2021-22,2021-2022,Alex Telles,Brazil,28,DF,DF,Manchester Utd,21,1660,18000000.0,48,27,62.8,26,45,4,13,55.6,36,66,53,10,0,0,4,4
2021-22,2021-2022,Luke Thomas,England,20,DF,DF,Leicester City,22,1912,12000000.0,50,31,43.1,40,55,14,21,42.9,28,95,75,20,0,0,1,1
2021-22,2021-2022,Kieran Tierney,Scotland,24,DF,DF,Arsenal,22,1915,30000000.0,18,14,90.9,15,54,5,18,34.3,62,105,81,8,0,1,3,4
2021-22,2021-2022,Takehiro Tomiyasu,Japan,22,DF,DF,Arsenal,21,1679,25000000.0,35,17,65.6,24,64,3,19,55.2,32,96,91,12,2,0,1,1
2021-22,2021-2022,William Troost-Ekong,Nigeria,27,DF,DF,Watford,17,1390,5000000.0,18,9,66.7,7,82,14,10,51.1,7,30,27,0,1,0,0,0
2021-22,2021-2022,Virgil van Dijk,Netherlands,30,DF,DF,Liverpool,34,3060,55000000.0,16,10,68.8,31,109,14,7,77.5,11,145,156,3,0,3,1,4
2021-22,2021-2022,Raphaël Varane,France,28,DF,DF,Manchester Utd,22,1831,65000000.0,28,19,45.5,18,82,9,9,73.3,11,49,65,0,1,1,1,2
2021-22,2021-2022,Joël Veltman,Netherlands,29,DF,DF,Brighton,34,2874,10000000.0,74,48,39.6,45,89,16,30,65.5,25,124,118,10,0,1,1,2
2021-22,2021-2022,Kyle Walker,England,31,DF,DF,Manchester City,20,1755,15000000.0,15,6,47.1,14,16,4,10,54.3,43,146,178,6,1,0,2,2
2021-22,2021-2022,Kyle Walker-Peters,England,24,DF,DF,Southampton,32,2633,25000000.0,57,33,68.4,37,53,8,21,49.1,134,147,64,43,1,1,2,3
2021-22,2021-2022,Aaron Wan-Bissaka,England,23,DF,DF,Manchester Utd,20,1793,40000000.0,49,36,70.0,34,41,14,10,37.3,55,61,52,13,2,0,0,0
2021-22,2021-2022,Joel Ward,England,31,DF,DF,Crystal Palace,28,2487,2000000.0,44,26,52.6,32,107,11,13,59.8,27,119,104,18,1,0,0,0
2021-22,2021-2022,Adam Webster,England,26,DF,DF,Brighton,22,1434,22000000.0,26,8,65.0,17,66,17,8,78.9,19,109,104,1,2,2,0,2
2021-22,2021-2022,Ben White,England,23,DF,DF,Arsenal,32,2880,45000000.0,44,23,62.2,42,102,24,18,60.0,38,124,148,11,0,0,0,0
2021-22,2021-2022,Brandon Williams,England,20,DF,DF,Norwich City,26,2120,12000000.0,55,37,56.3,44,50,6,20,45.2,57,90,48,17,0,0,1,1
2021-22,2021-2022,Ashley Young,England,36,DF,DF,Aston Villa,24,1250,1000000.0,18,6,68.8,13,25,4,6,28.6,27,45,48,3,1,0,2,2
2021-22,2021-2022,Oleksandr Zinchenko,Ukraine,24,DF,DF,Manchester City,15,1047,32000000.0,20,14,55.0,14,15,3,8,48.4,32,113,104,6,1,0,4,4
2021-22,2021-2022,Kurt Zouma,France,26,DF,DF,West Ham,24,2078,32000000.0,11,6,57.1,34,132,26,5,61.7,11,33,24,0,0,1,0,1
2022-23,2022-2023,Manuel Akanji,Switzerland,27,DF,DF,Manchester City,29,2287,30000000.0,36,25,63.9,16,33,9,18,40.4,24,116,140,3,1,0,1,1
2022-23,2022-2023,Daniel Amartey,Ghana,27,DF,DF,Leicester City,20,1610,15000000.0,19,8,85.7,8,71,17,7,56.7,23,66,58,4,0,0,0,0
2022-23,2022-2023,Serge Aurier,Ivory Coast,29,DF,DF,Nott'ham Forest,24,1943,8000000.0,64,41,69.7,29,75,11,23,59.0,37,71,44,18,0,1,0,1
2022-23,2022-2023,Luke Ayling,England,30,DF,DF,Leeds United,29,2054,3000000.0,66,37,49.4,26,52,11,23,45.2,28,77,61,12,2,2,1,3
2022-23,2022-2023,Armel Bella Kotchap,Germany,20,DF,DF,Southampton,24,1879,10000000.0,37,17,75.0,44,110,12,17,58.8,9,39,32,6,0,0,2,2
2022-23,2022-2023,Matty Cash,Poland,24,DF,DF,Aston Villa,26,1820,25000000.0,55,32,70.3,26,43,5,15,48.0,42,75,57,7,0,0,1,1
2022-23,2022-2023,Conor Coady,England,29,DF,DF,Everton,24,2096,18000000.0,14,9,46.7,14,88,17,4,51.0,4,43,73,2,3,1,1,2
2022-23,2022-2023,Nathan Collins,Ireland,21,DF,DF,Wolves,26,1814,22000000.0,27,15,62.5,21,84,28,7,54.4,11,64,68,8,0,0,0,0
2022-23,2022-2023,Levi Colwill,England,19,DF,DF,Brighton,17,1220,35000000.0,8,7,44.4,15,37,3,2,71.4,16,70,78,4,1,0,2,2
2022-23,2022-2023,Steve Cook,England,31,DF,DF,Nott'ham Forest,12,957,3000000.0,8,4,71.4,12,51,11,5,73.0,1,19,18,2,0,0,0,0
2022-23,2022-2023,Liam Cooper,Scotland,30,DF,DF,Leeds United,18,1426,5000000.0,38,23,63.9,34,57,8,8,63.6,3,47,49,1,3,1,0,1
2022-23,2022-2023,Aaron Cresswell,England,32,DF,DF,West Ham,28,2235,2500000.0,21,11,38.7,27,56,11,10,50.9,35,145,91,6,0,0,1,1
2022-23,2022-2023,Ben Davies,Wales,29,DF,DF,Tottenham,31,2288,3500000.0,28,11,53.8,18,72,8,9,56.9,39,107,79,5,0,2,2,4
2022-23,2022-2023,Craig Dawson,England,32,DF,DF,Wolves,17,1414,2500000.0,9,6,57.1,12,74,23,8,48.6,5,44,51,2,2,1,0,1
2022-23,2022-2023,Issa Diop,France,25,DF,DF,Fulham,25,2012,18000000.0,28,19,53.1,35,86,17,7,57.9,13,70,69,1,0,1,0,1
2022-23,2022-2023,Emerson,Brazil,23,DF,DF,Tottenham,26,1735,1200000.0,54,33,67.5,18,75,3,14,50.9,47,80,58,19,0,2,1,3
2022-23,2022-2023,Jonny Evans,Northern Ireland,34,DF,DF,Leicester City,13,1051,3000000.0,13,5,63.6,18,51,11,4,66.7,6,35,43,0,0,0,0,0
2022-23,2022-2023,Felipe,Brazil,33,DF,DF,Nott'ham Forest,16,1418,3000000.0,42,23,58.5,36,90,13,21,63.4,3,22,17,4,0,0,1,1
2022-23,2022-2023,Junior Firpo,Dominican Republic,25,DF,DF,Leeds United,19,1368,12000000.0,47,25,52.2,24,40,7,16,51.5,20,54,38,9,0,1,1,2
2022-23,2022-2023,Reece James,England,22,DF,DF,Chelsea,16,1244,500000.0,31,20,78.9,12,23,2,15,59.0,52,90,60,14,0,1,1,2
2022-23,2022-2023,Kalidou Koulibaly,Senegal,31,DF,DF,Chelsea,23,1800,35000000.0,45,31,65.0,29,77,13,17,54.1,10,81,83,2,0,2,1,3
2022-23,2022-2023,Rasmus Kristensen,Denmark,25,DF,DF,Leeds United,26,1960,15000000.0,62,35,55.3,35,61,14,18,55.7,15,89,63,5,0,3,1,4
2022-23,2022-2023,Renan Lodi,Brazil,24,DF,DF,Nott'ham Forest,28,2214,25000000.0,52,39,50.0,33,74,6,19,48.6,24,31,25,13,0,0,1,1
2022-23,2022-2023,Lyanco,Brazil,25,DF,DF,Southampton,21,1180,4000000.0,24,16,66.7,20,65,25,5,56.8,13,35,31,4,2,1,1,2
2022-23,2022-2023,Tyrell Malacia,Netherlands,22,DF,DF,Manchester Utd,22,1396,22000000.0,46,33,56.0,25,49,3,10,66.7,19,44,36,8,0,0,0,0
2022-23,2022-2023,Lisandro Martínez,Argentina,24,DF,DF,Manchester Utd,27,2114,32000000.0,54,28,69.8,33,103,27,24,50.8,12,83,92,9,0,1,0,1
2022-23,2022-2023,Scott McKenna,Scotland,25,DF,DF,Nott'ham Forest,20,1571,10000000.0,12,7,60.0,12,85,14,6,61.0,5,35,35,2,1,0,0,0
2022-23,2022-2023,Ben Mee,England,32,DF,DF,Brentford,37,3269,2000000.0,45,24,54.1,48,122,42,12,57.2,8,84,86,2,2,3,1,4
2022-23,2022-2023,Chris Mepham,Wales,24,DF,DF,Bournemouth,26,2199,8000000.0,45,22,63.3,30,152,27,13,63.1,2,42,42,3,0,0,0,0
2022-23,2022-2023,Moussa Niakhate,Senegal,26,DF,DF,Nott'ham Forest,14,1163,18000000.0,18,9,50.0,19,60,8,10,55.9,2,15,16,1,0,0,0,0
2022-23,2022-2023,Angelo Ogbonna,Italy,34,DF,DF,West Ham,16,1237,1000000.0,11,4,50.0,17,74,7,4,63.6,0,11,8,3,1,0,0,0
2022-23,2022-2023,Tim Ream,United States,34,DF,DF,Fulham,33,2897,1000000.0,30,16,50.0,41,116,24,21,60.8,28,142,148,5,3,1,0,1
2022-23,2022-2023,Mads Roerslev,Denmark,23,DF,DF,Brentford,20,1108,6000000.0,22,12,48.5,9,38,5,9,40.0,8,19,15,9,0,0,0,0
2022-23,2022-2023,Marcos Senesi,Argentina,25,DF,DF,Bournemouth,31,2491,17000000.0,50,35,52.3,43,146,20,18,54.2,9,66,86,4,2,2,0,2
2022-23,2022-2023,Thiago Silva,Brazil,37,DF,DF,Chelsea,27,2352,200000.0,41,27,67.7,34,111,29,9,72.6,8,104,115,1,3,0,2,2
2022-23,2022-2023,Adam Smith,England,31,DF,DF,Bournemouth,37,2943,200000.0,49,29,48.3,25,81,13,17,43.3,28,83,70,4,1,0,1,1
2022-23,2022-2023,Harry Souttar,Australia,23,DF,DF,Leicester City,12,992,15000000.0,15,9,38.9,12,45,12,4,86.4,6,29,39,0,0,0,1,1
2022-23,2022-2023,Jack Stephens,England,28,DF,DF,Bournemouth,15,1173,5000000.0,15,11,60.0,16,53,16,7,45.7,7,34,37,1,0,0,0,0
2022-23,2022-2023,John Stones,England,28,DF,DF,Manchester City,23,1846,40000000.0,23,13,70.0,9,40,10,7,67.3,28,101,109,4,0,2,2,4
2022-23,2022-2023,James Tarkowski,England,29,DF,DF,Everton,38,3420,22000000.0,51,26,51.3,51,201,78,21,71.4,13,106,98,5,3,1,1,2
2022-23,2022-2023,Luke Thomas,England,21,DF,DF,Leicester City,17,1073,12000000.0,23,19,46.9,27,35,4,16,44.0,10,48,38,8,0,0,0,0
2022-23,2022-2023,Harry Toffolo,England,26,DF,DF,Nott'ham Forest,19,940,3500000.0,17,8,71.4,10,33,8,8,48.1,8,29,14,6,0,0,0,0
2022-23,2022-2023,Raphaël Varane,France,29,DF,DF,Manchester Utd,24,1911,40000000.0,24,9,41.2,11,91,17,7,72.4,17,63,82,1,0,0,0,0
2022-23,2022-2023,Joël Veltman,Netherlands,30,DF,DF,Brighton,31,2188,10000000.0,62,32,64.9,19,51,8,19,59.1,43,153,157,10,0,1,1,2
2022-23,2022-2023,Joel Ward,England,32,DF,DF,Crystal Palace,28,2256,2000000.0,50,36,73.2,25,80,16,16,59.8,22,101,80,10,1,1,0,1
2022-23,2022-2023,Maximilian Wöber,Austria,24,DF,DF,Leeds United,16,1266,12000000.0,25,18,66.7,27,67,14,18,56.3,15,54,63,2,1,0,0,0
2022-23,2022-2023,Ashley Young,England,37,DF,DF,Aston Villa,29,2036,1000000.0,50,27,74.0,21,65,11,14,54.2,29,107,82,5,0,1,0,1
2022-23,2022-2023,Jordan Zemura,Zimbabwe,22,DF,DF,Bournemouth,19,1454,6000000.0,39,24,52.3,16,32,9,22,38.9,39,45,32,16,0,0,1,1
2022-23,2022-2023,Kurt Zouma,France,27,DF,DF,West Ham,25,1989,32000000.0,9,4,62.5,30,120,14,3,80.9,3,31,19,2,1,2,0,2
2023-24,2023-2024,Tosin Adarabioyo,England,25,DF,DF,Fulham,20,1617,12000000.0,21,11,57.1,25,80,11,5,66.7,10,62,47,4,0,2,0,2
2023-24,2023-2024,Ola Aina,Nigeria,26,DF,DF,Nott'ham Forest,22,1692,5000000.0,47,31,72.5,18,51,3,16,58.6,52,69,58,10,1,1,1,2
2023-24,2023-2024,Rayan Aït-Nouri,Algeria,22,DF,DF,Wolves,33,2329,25000000.0,71,44,57.1,15,38,6,26,45.7,67,99,60,56,0,2,1,3
2023-24,2023-2024,George Baldock,Greece,30,DF,DF,Sheffield Utd,13,969,2500000.0,18,10,40.0,10,33,8,6,50.0,9,31,18,9,0,0,1,1
2023-24,2023-2024,Calvin Bassey,Nigeria,23,DF,DF,Fulham,29,2303,16000000.0,49,29,72.4,28,84,11,21,54.5,15,62,80,8,4,1,0,1
2023-24,2023-2024,Amari'i Bell,Jamaica,29,DF,DF,Luton Town,21,1720,2500000.0,50,33,62.9,25,60,15,18,47.6,32,76,63,5,1,0,0,0
2023-24,2023-2024,Jarrad Branthwaite,England,21,DF,DF,Everton,35,3116,18000000.0,66,32,72.6,50,163,36,15,68.6,2,74,60,2,2,3,0,3
2023-24,2023-2024,Reece Burke,England,26,DF,DF,Luton Town,22,1660,1800000.0,37,23,46.2,18,78,18,7,59.0,11,67,58,5,1,0,4,4
2023-24,2023-2024,Diego Carlos,Brazil,30,DF,DF,Aston Villa,27,1816,18000000.0,27,16,61.9,13,78,19,5,44.7,4,59,72,4,3,0,0,0
2023-24,2023-2024,Matty Cash,Poland,25,DF,DF,Aston Villa,29,2142,28000000.0,54,31,49.2,18,59,14,21,41.7,62,88,69,15,0,2,2,4
2023-24,2023-2024,Timothy Castagne,Belgium,27,DF,DF,Fulham,34,2634,17000000.0,49,24,59.1,38,69,10,28,52.2,48,77,74,10,1,1,3,4
2023-24,2023-2024,Nathan Collins,Ireland,22,DF,DF,Brentford,32,2652,25000000.0,38,20,65.5,44,141,30,16,67.6,11,97,78,13,4,1,1,2
2023-24,2023-2024,Levi Colwill,England,20,DF,DF,Chelsea,23,1797,55000000.0,48,30,76.5,26,66,10,18,68.3,23,73,82,4,0,1,1,2
2023-24,2023-2024,Marc Cucurella,Spain,25,DF,DF,Chelsea,21,1782,28000000.0,62,38,53.1,22,48,13,23,56.4,31,50,51,6,0,0,2,2
2023-24,2023-2024,Ameen Al-Dakhil,Belgium,21,DF,DF,Burnley,13,1056,11000000.0,12,5,10.0,12,38,6,7,37.8,7,35,13,6,2,1,0,1
2023-24,2023-2024,Diogo Dalot,Portugal,24,DF,DF,Manchester Utd,36,3174,40000000.0,81,51,68.9,37,111,16,28,56.1,52,124,107,11,0,2,3,5
2023-24,2023-2024,Ben Davies,Wales,30,DF,DF,Tottenham,17,1090,3500000.0,24,17,76.2,10,35,15,2,58.0,13,71,80,3,0,1,0,1
2023-24,2023-2024,Craig Dawson,England,33,DF,DF,Wolves,25,2209,2000000.0,30,20,64.7,16,120,39,12,66.3,1,49,52,2,1,1,1,2
2023-24,2023-2024,Issa Diop,France,26,DF,DF,Fulham,18,1424,22000000.0,30,16,75.0,17,80,19,9,59.5,11,66,60,5,1,0,0,0
2023-24,2023-2024,Axel Disasi,France,25,DF,DF,Chelsea,31,2579,40000000.0,33,19,76.7,18,102,19,7,69.9,30,112,115,12,2,2,0,2
2023-24,2023-2024,Matt Doherty,Ireland,31,DF,DF,Wolves,30,1150,4000000.0,31,18,52.2,7,47,5,10,53.5,12,31,22,6,0,1,0,1
2023-24,2023-2024,Alfie Doughty,England,23,DF,DF,Luton Town,37,2925,10000000.0,63,40,45.1,31,43,9,42,65.7,94,106,71,13,4,2,8,10
2023-24,2023-2024,Emerson,Brazil,24,DF,DF,Tottenham,22,1161,600000.0,36,24,48.8,20,50,10,13,41.7,21,57,42,12,1,1,0,1
2023-24,2023-2024,Pervis Estupiñán,Ecuador,25,DF,DF,Brighton,19,1243,35000000.0,26,13,46.7,21,20,4,10,46.2,47,83,66,6,0,2,3,5
2023-24,2023-2024,Jonny Evans,Northern Ireland,35,DF,DF,Manchester Utd,23,1392,2000000.0,22,14,57.1,23,76,18,7,66.7,7,37,29,3,0,0,1,1
2023-24,2023-2024,Marc Guéhi,England,23,DF,DF,Crystal Palace,25,2021,45000000.0,28,19,58.3,18,89,17,5,50.0,15,67,90,2,1,0,1,1
2023-24,2023-2024,Jan Paul van Hecke,Netherlands,23,DF,DF,Brighton,28,2369,22000000.0,47,26,60.0,30,76,27,22,66.0,25,147,156,3,4,0,0,0
2023-24,2023-2024,Issa Kaboré,Burkina Faso,22,DF,DF,Luton Town,24,1729,10000000.0,52,28,53.3,16,56,11,11,48.6,60,54,30,8,2,0,2,2
2023-24,2023-2024,Milos Kerkez,Hungary,19,DF,DF,Bournemouth,28,1970,18000000.0,47,26,71.4,20,60,11,20,36.7,46,44,34,10,2,0,1,1
2023-24,2023-2024,Jamaal Lascelles,England,29,DF,DF,Newcastle Utd,16,1080,7000000.0,14,9,54.5,5,42,12,5,66.2,8,31,38,4,0,1,0,1
2023-24,2023-2024,Tom Lockyer,Wales,28,DF,DF,Luton Town,14,1169,3500000.0,25,16,68.2,23,68,13,10,66.0,6,37,37,2,0,1,1,2
2023-24,2023-2024,Gabriel Magalhães,Brazil,25,DF,DF,Arsenal,36,3044,75000000.0,48,28,77.3,31,100,33,11,55.4,13,117,143,3,1,4,0,4
2023-24,2023-2024,Ben Mee,England,33,DF,DF,Brentford,16,1272,1000000.0,26,15,77.3,13,63,13,8,52.2,11,49,45,7,1,2,0,2
2023-24,2023-2024,Teden Mengi,England,21,DF,DF,Luton Town,30,2469,12000000.0,54,22,63.3,57,140,27,12,58.3,15,54,62,5,1,1,0,1
2023-24,2023-2024,Daniel Muñoz,Colombia,27,DF,DF,Crystal Palace,16,1439,9000000.0,55,35,50.0,24,47,7,22,48.1,25,38,25,7,0,0,4,4
2023-24,2023-2024,Murillo,Brazil,21,DF,DF,Nott'ham Forest,32,2789,40000000.0,50,31,57.6,37,188,24,17,48.7,22,89,101,15,0,0,2,2
2023-24,2023-2024,Moussa Niakhate,Senegal,27,DF,DF,Nott'ham Forest,21,1460,15000000.0,42,25,80.0,14,51,12,7,75.0,13,39,30,3,0,1,0,1
2023-24,2023-2024,Dara O'Shea,Ireland,24,DF,DF,Burnley,33,2892,7000000.0,39,20,42.3,35,158,30,11,65.5,32,122,139,1,2,3,4,7
2023-24,2023-2024,Ben Osborn,England,28,DF,DF,Sheffield Utd,24,1367,1000000.0,22,9,47.1,8,30,2,16,21.4,16,55,34,10,0,0,2,2
2023-24,2023-2024,Gabriel Osho,Nigeria,24,DF,DF,Luton Town,21,1846,3000000.0,41,22,59.3,31,92,20,17,50.0,10,37,30,10,0,2,0,2
2023-24,2023-2024,Ethan Pinnock,Jamaica,30,DF,DF,Brentford,29,2521,10000000.0,35,23,45.0,43,170,24,16,68.9,11,61,76,4,3,2,0,2
2023-24,2023-2024,Jarell Quansah,England,20,DF,DF,Liverpool,17,1190,2000000.0,25,22,70.0,17,39,8,8,67.2,13,67,69,2,1,2,0,2
2023-24,2023-2024,Tim Ream,United States,35,DF,DF,Fulham,18,1503,1000000.0,20,9,50.0,25,61,15,8,56.8,11,65,78,3,2,1,0,1
2023-24,2023-2024,Sergio Reguilón,Spain,26,DF,DF,Brentford,16,1118,12000000.0,45,20,60.0,16,41,6,17,41.2,34,38,17,5,1,0,4,4
2023-24,2023-2024,Jack Robinson,England,29,DF,DF,Sheffield Utd,34,2885,1000000.0,43,28,64.1,33,132,33,16,60.5,8,63,66,5,2,1,1,2
2023-24,2023-2024,Mads Roerslev,Denmark,24,DF,DF,Brentford,34,1985,10000000.0,48,31,50.0,19,71,3,12,34.1,18,43,32,15,0,1,2,3
2023-24,2023-2024,William Saliba,France,22,DF,DF,Arsenal,38,3420,70000000.0,41,26,74.1,29,81,17,15,59.5,16,157,175,13,3,2,1,3
2023-24,2023-2024,Luke Shaw,England,28,DF,DF,Manchester Utd,12,959,28000000.0,11,8,60.0,6,39,11,7,56.5,10,45,33,6,0,0,0,0
2023-24,2023-2024,Thiago Silva,Brazil,38,DF,DF,Chelsea,31,2527,200000.0,29,15,58.8,26,153,24,9,66.2,2,102,125,1,4,3,1,4
2023-24,2023-2024,John Stones,England,29,DF,DF,Manchester City,16,1064,38000000.0,2,1,0.0,10,21,7,4,73.7,16,57,53,6,0,1,0,1
2023-24,2023-2024,James Tarkowski,England,30,DF,DF,Everton,38,3419,13000000.0,61,42,56.3,56,191,56,26,69.7,15,130,127,16,2,1,1,2
2023-24,2023-2024,Charlie Taylor,England,29,DF,DF,Burnley,28,2331,3000000.0,35,20,48.6,19,78,11,16,51.9,36,82,69,10,0,1,1,2
2023-24,2023-2024,Luke Thomas,England,22,DF,DF,Sheffield Utd,12,917,10000000.0,20,9,57.1,10,27,5,18,40.0,8,33,23,5,0,0,0,0
2023-24,2023-2024,Harry Toffolo,England,27,DF,DF,Nott'ham Forest,23,1459,5000000.0,26,14,62.5,14,49,13,21,62.5,10,42,40,5,0,1,3,4
2023-24,2023-2024,Auston Trusty,United States,24,DF,DF,Sheffield Utd,32,2572,8000000.0,47,30,48.8,35,153,22,19,55.0,10,40,24,4,3,0,0,0
2023-24,2023-2024,Destiny Udogie,Italy,20,DF,DF,Tottenham,28,2391,38000000.0,68,33,55.1,37,80,8,19,45.8,83,155,115,26,5,2,3,5
2023-24,2023-2024,Raphaël Varane,France,30,DF,DF,Manchester Utd,22,1375,25000000.0,18,11,71.4,15,88,18,5,80.8,16,59,59,2,0,1,0,1
2023-24,2023-2024,Joël Veltman,Netherlands,31,DF,DF,Brighton,27,1588,10000000.0,54,41,67.2,18,57,7,10,57.1,24,85,51,7,1,1,1,2
2023-24,2023-2024,Micky van de Ven,Netherlands,22,DF,DF,Tottenham,27,2339,40000000.0,49,35,72.7,18,78,15,10,48.1,19,108,121,12,1,3,0,3
2023-24,2023-2024,Vitinho,Brazil,24,DF,DF,Burnley,32,2314,5000000.0,64,34,50.0,12,47,6,38,46.3,59,66,56,26,4,0,2,2
2023-24,2023-2024,Joel Ward,England,33,DF,DF,Crystal Palace,26,1980,1000000.0,45,28,63.8,14,94,10,7,48.9,16,66,68,3,1,0,1,1
2023-24,2023-2024,Adam Webster,England,28,DF,DF,Brighton,15,1144,15000000.0,14,12,33.3,16,43,12,4,71.7,16,80,92,2,1,0,0,0
2023-24,2023-2024,Ashley Young,England,38,DF,DF,Everton,31,2280,600000.0,53,38,55.6,22,50,6,18,37.3,40,82,62,13,3,0,0,0
2023-24,2023-2024,Oleksandr Zinchenko,Ukraine,26,DF,DF,Arsenal,27,1722,35000000.0,50,30,67.3,20,26,3,15,62.8,40,229,154,15,2,1,2,3
2023-24,2023-2024,Kurt Zouma,France,28,DF,DF,West Ham,33,2838,25000000.0,23,17,62.5,29,160,28,10,57.4,7,53,57,3,0,3,0,3
