season_label,season,player,nation,age,pos,pos_primary,squad,Matches Played,Minutes_total,market_value_in_eur,Goals,Assists,Goals & Assists,Non Penalty Goals,Expected Goals,Exp NPG,Progressive Carries,Progressive Passes,Key passes,1/3,Passes into penalty area,Shot creating actions p 90,Goal creating actions p 90,Tackles attempted,Tackles Won,% Dribbles tackled,Interceptions,Clearances,Shots blocked,Passes blocked,% Aerial Duels won,Possessions lost,Errors made
2019-20,2019-2020,Dele Alli,England,23,MF,MF,Tottenham,25,1847,90000000.0,8,4,12,7,8.1,7.3,56,69,23,43,22,2.82,0.54,34,16,35.1,17,17,3,32,33.9,41,2
2019-20,2019-2020,Miguel Almirón,Paraguay,25,MF,MF,Newcastle Utd,36,3021,20000000.0,4,2,6,4,6.7,6.7,120,77,31,40,21,2.47,0.09,60,39,36.5,31,25,1,24,24.3,35,0
2019-20,2019-2020,Steven Alzate,Colombia,20,MF,MF,Brighton,19,1188,2500000.0,0,0,0,0,1.2,1.2,34,66,14,28,17,2.88,0.15,33,19,63.0,14,13,3,15,36.0,28,0
2019-20,2019-2020,Felipe Anderson,Brazil,26,MF,MF,West Ham,25,1497,45000000.0,1,4,5,1,2.5,2.5,106,100,25,56,34,4.03,0.66,46,32,23.4,22,11,1,18,24.0,30,0
2019-20,2019-2020,Stuart Armstrong,Scotland,27,MF,MF,Southampton,30,1715,8000000.0,5,3,8,5,2.8,2.8,45,71,18,36,22,3.15,0.42,32,19,23.7,11,23,4,18,31.0,25,1
2019-20,2019-2020,Ross Barkley,England,25,MF,MF,Chelsea,21,1103,27000000.0,1,4,5,1,2.7,2.7,46,64,24,53,18,4.24,0.49,16,9,27.8,7,7,2,5,48.0,34,0
2019-20,2019-2020,Harvey Barnes,England,21,MF,MF,Leicester City,36,2083,22000000.0,6,8,14,6,8.1,8.1,95,90,35,30,34,3.76,0.69,16,11,21.7,8,6,3,10,42.4,23,1
2019-20,2019-2020,Sander Berge,Norway,21,MF,MF,Sheffield Utd,14,943,22000000.0,1,1,2,1,0.6,0.6,18,52,2,33,8,0.67,0.19,22,15,50.0,10,16,1,14,68.6,7,0
2019-20,2019-2020,Bernard,Brazil,26,MF,MF,Everton,27,1280,20000000.0,3,2,5,3,1.8,1.8,40,76,24,42,26,3.58,0.28,32,22,29.5,16,7,2,20,7.1,29,0
2019-20,2019-2020,Philip Billing,Denmark,23,MF,MF,Bournemouth,34,2530,18000000.0,1,1,2,1,2.0,2.0,29,100,15,70,18,1.78,0.11,72,46,26.2,66,97,16,43,59.4,28,1
2019-20,2019-2020,Yves Bissouma,Mali,22,MF,MF,Brighton,22,1259,12000000.0,1,0,1,1,0.4,0.4,25,63,4,47,7,1.07,0.07,49,38,42.5,21,23,2,16,51.6,25,0
2019-20,2019-2020,Étienne Capoue,France,31,MF,MF,Watford,30,2627,6500000.0,0,3,3,0,0.8,0.8,16,132,20,117,10,1.61,0.17,75,40,43.5,68,61,11,19,72.1,26,0
2019-20,2019-2020,Dani Ceballos,Spain,22,MF,MF,Arsenal,24,1692,45000000.0,0,2,2,0,0.6,0.6,60,174,28,120,29,2.98,0.37,45,23,29.5,32,16,3,11,27.3,30,1
2019-20,2019-2020,Nathaniel Chalobah,England,24,MF,MF,Watford,22,930,6000000.0,0,1,1,0,0.5,0.5,4,35,9,23,4,1.74,0.1,30,11,44.4,18,20,4,6,57.6,10,0
2019-20,2019-2020,Tom Cleverley,England,29,MF,MF,Watford,18,971,6000000.0,1,0,1,1,2.1,2.1,13,49,15,32,14,3.15,0.09,28,15,25.0,10,15,1,12,42.9,3,0
2019-20,2019-2020,Lewis Cook,England,22,MF,MF,Bournemouth,27,1352,20000000.0,0,0,0,0,0.3,0.3,18,80,11,66,10,2.73,0.13,27,14,21.3,17,17,5,12,46.2,19,1
2019-20,2019-2020,Jack Cork,England,30,MF,MF,Burnley,30,2613,15000000.0,0,0,0,0,2.0,2.0,13,67,12,55,8,1.07,0.1,35,24,19.4,28,49,12,22,43.9,36,0
2019-20,2019-2020,Tom Davies,England,21,MF,MF,Everton,30,2027,18000000.0,1,0,1,1,1.6,1.6,24,113,6,85,16,1.33,0.0,38,17,30.9,35,28,4,8,49.3,20,0
2019-20,2019-2020,Kevin De Bruyne,Belgium,28,MF,MF,Manchester City,35,2791,150000000.0,13,20,33,11,7.3,5.8,139,280,136,159,111,7.51,1.03,45,24,27.3,18,24,4,22,51.5,31,2
2019-20,2019-2020,Fabian Delph,England,29,MF,MF,Everton,16,1190,15000000.0,0,0,0,0,0.1,0.1,19,94,7,61,14,1.89,0.15,26,12,40.9,15,19,3,9,62.5,6,1
2019-20,2019-2020,Leander Dendoncker,Belgium,24,MF,MF,Wolves,38,2795,28000000.0,4,0,4,4,1.8,1.8,17,68,9,46,3,0.74,0.03,68,31,41.8,38,64,12,27,53.4,11,2
2019-20,2019-2020,Moussa Djenepo,Mali,21,MF,MF,Southampton,18,928,12000000.0,2,2,4,2,2.4,2.4,39,27,11,13,11,3.78,0.58,27,21,52.4,9,9,1,14,15.8,21,0
2019-20,2019-2020,Matt Doherty,Ireland,27,MF,MF,Wolves,36,2839,20000000.0,4,3,7,4,6.9,6.9,75,158,21,83,24,2.0,0.44,55,29,65.9,40,52,4,30,57.9,15,1
2019-20,2019-2020,Abdoulaye Doucouré,Mali,26,MF,MF,Watford,37,3156,25000000.0,4,2,6,4,5.2,5.2,69,161,38,120,27,2.71,0.23,64,30,28.1,31,32,8,38,49.5,31,0
2019-20,2019-2020,Christian Eriksen,Denmark,27,MF,MF,Tottenham,20,1097,90000000.0,2,2,4,2,1.9,1.9,28,74,24,51,23,3.61,0.25,19,9,29.2,12,16,1,9,37.5,14,0
2019-20,2019-2020,Fabinho,Brazil,25,MF,MF,Liverpool,28,2079,70000000.0,2,3,5,2,0.4,0.4,19,129,19,129,19,2.16,0.22,62,35,38.8,34,19,2,23,59.4,8,1
2019-20,2019-2020,Bruno Fernandes,Portugal,24,MF,MF,Manchester Utd,14,1186,60000000.0,8,7,15,4,6.2,3.0,34,110,30,66,25,4.02,0.91,22,12,13.2,11,16,0,6,21.4,13,0
2019-20,2019-2020,John Fleck,Scotland,27,MF,MF,Sheffield Utd,30,2516,8000000.0,5,2,7,5,3.1,3.1,48,139,39,105,35,3.0,0.21,36,25,34.4,24,26,3,22,36.1,17,0
2019-20,2019-2020,Pablo Fornals,Spain,23,MF,MF,West Ham,36,2172,25000000.0,2,5,7,2,2.3,2.3,45,91,19,61,23,2.11,0.37,46,28,29.7,25,15,1,34,17.2,26,0
2019-20,2019-2020,Ryan Fraser,Scotland,25,MF,MF,Bournemouth,28,2067,30000000.0,1,4,5,1,3.7,3.7,99,100,44,62,39,3.57,0.35,12,6,31.8,15,24,3,12,19.4,19,0
2019-20,2019-2020,Fred,Brazil,26,MF,MF,Manchester Utd,29,2163,25000000.0,0,0,0,0,1.7,1.7,28,158,35,142,14,3.87,0.12,60,32,25.0,38,32,8,36,32.1,26,0
2019-20,2019-2020,André Gomes,Portugal,26,MF,MF,Everton,19,1458,28000000.0,0,1,1,0,0.2,0.2,10,105,11,86,12,1.91,0.12,22,15,12.9,7,7,3,17,58.6,23,0
2019-20,2019-2020,Dan Gosling,England,29,MF,MF,Bournemouth,24,1264,2500000.0,3,1,4,3,2.9,2.9,10,55,10,40,5,1.71,0.14,26,10,22.2,20,26,11,20,42.9,21,0
2019-20,2019-2020,Pascal Groß,Germany,28,MF,MF,Brighton,29,1796,12000000.0,2,4,6,2,1.6,1.6,36,135,59,53,34,5.11,0.4,36,13,35.9,9,7,3,22,38.3,20,0
2019-20,2019-2020,Mattéo Guendouzi,France,20,MF,MF,Arsenal,24,1748,50000000.0,0,1,1,0,0.8,0.8,50,160,12,141,20,2.06,0.1,31,16,32.6,29,38,7,14,42.9,21,2
2019-20,2019-2020,İlkay Gündoğan,Germany,28,MF,MF,Manchester City,31,2020,50000000.0,2,1,3,1,4.0,2.4,39,202,33,180,31,3.52,0.13,27,16,22.0,31,13,5,12,42.3,11,0
2019-20,2019-2020,Isaac Hayden,England,24,MF,MF,Newcastle Utd,29,2223,10000000.0,1,2,3,1,1.2,1.2,24,52,15,37,12,1.34,0.12,55,27,40.0,38,38,7,17,59.8,17,0
2019-20,2019-2020,Jordan Henderson,England,29,MF,MF,Liverpool,30,2238,35000000.0,4,5,9,4,1.1,1.1,51,197,24,173,31,2.13,0.24,63,41,40.0,30,21,4,18,70.6,6,2
2019-20,2019-2020,Jeff Hendrick,Ireland,27,MF,MF,Burnley,24,1931,11000000.0,2,2,4,2,1.7,1.7,24,40,14,28,10,1.77,0.14,18,10,25.9,20,20,8,13,59.5,29,0
2019-20,2019-2020,Conor Hourihane,Ireland,28,MF,MF,Aston Villa,27,1534,7500000.0,3,5,8,3,1.7,1.7,9,75,38,52,16,3.64,0.41,16,10,40.0,9,31,4,15,60.0,8,0
2019-20,2019-2020,Will Hughes,England,24,MF,MF,Watford,30,2252,18000000.0,1,1,2,1,2.3,2.3,40,87,25,69,23,2.4,0.2,75,47,37.3,37,28,8,40,43.9,32,0
2019-20,2019-2020,Pierre Højbjerg,Denmark,23,MF,MF,Southampton,33,2752,15000000.0,0,1,1,0,3.2,3.2,33,219,30,159,27,2.71,0.26,80,49,42.9,46,54,5,39,56.3,26,2
2019-20,2019-2020,Alex Iwobi,Nigeria,23,MF,MF,Everton,25,1596,32000000.0,1,0,1,1,2.5,2.5,60,106,24,50,28,3.05,0.11,25,17,36.4,14,10,2,16,40.0,17,1
2019-20,2019-2020,Jorginho,Italy,27,MF,MF,Chelsea,31,2379,65000000.0,4,2,6,1,3.2,0.9,24,218,23,248,27,3.06,0.3,66,40,38.5,64,27,5,25,26.9,22,2
2019-20,2019-2020,N'Golo Kanté,France,28,MF,MF,Chelsea,22,1732,100000000.0,3,0,3,3,1.4,1.4,41,132,27,104,27,3.17,0.1,44,20,47.2,44,32,5,24,36.0,29,2
2019-20,2019-2020,Cheikhou Kouyaté,Senegal,29,MF,MF,Crystal Palace,35,2528,10000000.0,1,1,2,1,2.7,2.7,12,64,10,41,7,1.0,0.07,67,32,54.2,43,58,11,24,56.3,25,1
2019-20,2019-2020,Manuel Lanzini,Argentina,26,MF,MF,West Ham,24,1379,20000000.0,0,2,2,0,2.2,2.2,46,77,31,79,12,4.19,0.33,14,9,17.9,10,3,1,8,28.6,16,0
2019-20,2019-2020,Jefferson Lerma,Colombia,24,MF,MF,Bournemouth,33,2703,25000000.0,1,2,3,1,1.2,1.2,16,137,12,136,15,1.53,0.1,54,32,45.8,57,54,12,16,53.3,18,1
2019-20,2019-2020,Jesse Lingard,England,26,MF,MF,Manchester Utd,22,935,32000000.0,1,0,1,1,1.9,1.9,28,45,20,38,7,3.95,0.48,15,8,27.8,3,0,0,5,14.3,11,0
2019-20,2019-2020,Giovani Lo Celso,Argentina,23,MF,MF,Tottenham,28,1492,50000000.0,0,2,2,0,1.3,1.3,62,112,29,81,22,4.22,0.36,51,29,20.3,9,19,4,16,26.7,31,0
2019-20,2019-2020,Sean Longstaff,England,21,MF,MF,Newcastle Utd,23,1378,22000000.0,1,1,2,1,1.4,1.4,8,33,15,37,5,2.35,0.2,35,19,40.0,19,20,5,18,44.7,16,2
2019-20,2019-2020,Douglas Luiz,Brazil,21,MF,MF,Aston Villa,36,2612,20000000.0,3,2,5,3,2.6,2.6,35,143,17,106,17,1.86,0.1,46,24,29.2,36,54,15,27,46.2,22,1
2019-20,2019-2020,John Lundstram,England,25,MF,MF,Sheffield Utd,34,2458,10000000.0,5,3,8,5,5.3,5.3,36,122,21,70,31,2.12,0.26,46,30,32.3,33,46,4,14,41.1,14,1
2019-20,2019-2020,James Maddison,England,22,MF,MF,Leicester City,31,2624,60000000.0,6,3,9,6,5.3,5.3,53,192,78,157,43,5.83,0.34,59,30,33.8,9,7,0,16,22.6,29,1
2019-20,2019-2020,Nemanja Matić,Serbia,30,MF,MF,Manchester Utd,21,1581,25000000.0,0,2,2,0,0.2,0.2,39,121,15,120,11,2.68,0.23,46,24,46.5,22,28,8,13,53.1,16,1
2019-20,2019-2020,James McArthur,Scotland,31,MF,MF,Crystal Palace,37,3090,6000000.0,0,3,3,0,2.0,2.0,54,174,34,124,23,2.04,0.23,88,51,34.9,60,56,19,50,37.4,39,0
2019-20,2019-2020,James McCarthy,Ireland,28,MF,MF,Crystal Palace,33,1680,4000000.0,0,0,0,0,0.5,0.5,8,55,17,60,8,1.66,0.05,82,47,52.6,24,11,5,19,44.1,11,0
2019-20,2019-2020,John McGinn,Scotland,24,MF,MF,Aston Villa,28,2312,20000000.0,3,3,6,3,3.9,3.9,38,113,37,80,31,3.58,0.35,53,35,29.0,25,18,1,24,38.8,49,0
2019-20,2019-2020,Kenny McLean,Scotland,27,MF,MF,Norwich City,37,2968,4500000.0,1,1,2,1,1.4,1.4,46,173,24,158,16,2.09,0.12,44,29,33.3,38,67,7,25,49.2,38,2
2019-20,2019-2020,Dwight McNeil,England,19,MF,MF,Burnley,38,3338,20000000.0,2,6,8,2,2.3,2.3,146,97,55,97,42,3.13,0.38,47,33,32.4,30,34,8,52,44.4,63,0
2019-20,2019-2020,Scott McTominay,Scotland,22,MF,MF,Manchester Utd,27,1772,28000000.0,4,1,5,4,2.2,2.2,25,95,16,92,11,2.34,0.15,43,22,53.1,31,34,5,20,58.9,29,2
2019-20,2019-2020,Luka Milivojević,Serbia,28,MF,MF,Crystal Palace,31,2513,25000000.0,3,1,4,1,2.7,1.2,7,127,29,124,9,2.11,0.14,61,32,41.7,42,39,7,23,54.1,13,4
2019-20,2019-2020,James Milner,England,33,MF,MF,Liverpool,22,937,12000000.0,2,2,4,0,2.2,0.6,18,71,10,65,8,2.69,0.38,16,10,23.1,7,17,3,9,50.0,6,1
2019-20,2019-2020,Aaron Mooy,Australia,28,MF,MF,Brighton,31,2085,12000000.0,2,2,4,2,2.3,2.3,71,158,39,87,26,3.37,0.3,37,24,15.0,23,32,7,29,37.5,42,1
2019-20,2019-2020,Mason Mount,England,20,MF,MF,Chelsea,37,2867,45000000.0,7,5,12,7,6.4,6.4,101,138,51,101,34,3.99,0.57,37,17,21.4,16,18,3,22,17.9,53,0
2019-20,2019-2020,João Moutinho,Portugal,32,MF,MF,Wolves,38,3108,10000000.0,1,6,7,1,0.9,0.9,38,216,77,155,29,3.62,0.29,93,50,33.1,50,18,13,30,42.2,21,1
2019-20,2019-2020,Marvelous Nakamba,Zimbabwe,25,MF,MF,Aston Villa,29,1836,10000000.0,0,0,0,0,0.2,0.2,10,57,12,48,4,1.13,0.05,55,28,35.8,39,38,11,39,44.0,10,3
2019-20,2019-2020,Wilfred Ndidi,Nigeria,22,MF,MF,Leicester City,32,2674,45000000.0,2,1,3,2,1.6,1.6,13,109,15,145,3,1.55,0.1,128,67,49.5,80,69,6,46,55.0,26,3
2019-20,2019-2020,Rúben Neves,Portugal,22,MF,MF,Wolves,38,3056,50000000.0,2,2,4,2,2.0,2.0,19,216,29,194,23,2.24,0.09,62,33,39.5,56,34,9,29,50.9,10,1
2019-20,2019-2020,Mark Noble,England,32,MF,MF,West Ham,33,2674,6000000.0,4,3,7,1,2.9,0.6,26,198,43,138,27,2.83,0.34,52,30,34.4,20,10,6,14,57.7,31,1
2019-20,2019-2020,Oliver Norwood,Northern Ireland,28,MF,MF,Sheffield Utd,38,3090,9000000.0,1,1,2,0,1.5,0.7,7,258,48,231,29,2.42,0.17,66,37,28.9,47,40,12,22,60.3,4,1
2019-20,2019-2020,Alex Oxlade-Chamberlain,England,25,MF,MF,Liverpool,30,1485,35000000.0,4,1,5,4,2.8,2.8,48,97,17,77,26,3.09,0.36,18,9,23.8,22,10,1,25,33.3,23,0
2019-20,2019-2020,Mesut Özil,Germany,30,MF,MF,Arsenal,18,1438,22000000.0,1,2,3,1,1.4,1.4,48,114,37,63,25,4.69,0.5,17,8,17.4,5,1,0,4,20.0,22,0
2019-20,2019-2020,Andreas Pereira,Brazil,23,MF,MF,Manchester Utd,25,1484,20000000.0,1,3,4,1,2.3,2.3,49,89,32,61,15,3.82,0.49,24,13,25.6,7,7,0,13,23.3,41,0
2019-20,2019-2020,Ayoze Pérez,Spain,26,MF,MF,Leicester City,33,2004,30000000.0,8,4,12,7,6.5,5.7,47,62,28,44,28,3.37,0.67,45,28,14.8,14,9,1,32,34.8,58,1
2019-20,2019-2020,Paul Pogba,France,26,MF,MF,Manchester Utd,16,1204,100000000.0,1,3,4,1,2.4,1.6,27,111,30,115,22,4.56,0.52,20,9,50.0,7,10,4,8,72.5,32,2
2019-20,2019-2020,Dennis Praet,Belgium,25,MF,MF,Leicester City,27,1134,24000000.0,1,2,3,1,0.9,0.9,10,42,9,38,7,1.98,0.32,33,18,31.0,17,12,1,18,27.8,17,0
2019-20,2019-2020,Davy Pröpper,Netherlands,27,MF,MF,Brighton,35,2829,17000000.0,1,2,3,1,1.6,1.6,55,265,29,184,24,2.13,0.13,64,35,31.1,38,36,8,19,56.0,24,4
2019-20,2019-2020,Nathan Redmond,England,25,MF,MF,Southampton,32,2762,20000000.0,4,4,8,4,5.1,5.1,126,104,36,56,38,3.19,0.29,49,29,36.8,16,16,2,37,28.3,52,0
2019-20,2019-2020,Declan Rice,England,20,MF,MF,West Ham,38,3420,55000000.0,1,3,4,1,1.3,1.3,52,180,21,185,21,1.53,0.18,116,60,48.0,77,55,9,32,60.0,21,0
2019-20,2019-2020,Rodri,Spain,23,MF,MF,Manchester City,35,2486,80000000.0,3,2,5,3,0.9,0.9,41,232,34,223,19,2.72,0.14,50,30,36.5,26,35,5,14,66.3,28,0
2019-20,2019-2020,Oriol Romeu,Spain,27,MF,MF,Southampton,30,1860,10000000.0,0,0,0,0,0.2,0.2,17,110,19,88,17,1.98,0.05,55,35,36.0,34,32,13,22,52.5,4,0
2019-20,2019-2020,Allan Saint-Maximin,France,22,MF,MF,Newcastle Utd,26,1863,25000000.0,3,4,7,3,3.3,3.3,125,49,33,22,14,4.25,0.44,13,8,22.2,9,6,2,3,25.8,51,0
2019-20,2019-2020,Morgan Schneiderlin,France,29,MF,MF,Everton,15,1001,12000000.0,0,0,0,0,0.2,0.2,4,62,4,45,6,1.53,0.0,31,22,33.3,21,20,3,10,59.3,4,1
2019-20,2019-2020,Jonjo Shelvey,England,27,MF,MF,Newcastle Utd,26,2119,18000000.0,6,2,8,6,2.5,2.5,22,124,45,123,20,3.48,0.25,29,19,26.2,23,38,5,9,56.7,10,0
2019-20,2019-2020,Gylfi Sigurðsson,Iceland,29,MF,MF,Everton,35,2560,28000000.0,2,3,5,1,4.0,3.2,27,127,51,91,25,3.2,0.25,50,26,27.1,37,17,4,26,36.8,26,1
2019-20,2019-2020,David Silva,Spain,33,MF,MF,Manchester City,27,1826,15000000.0,6,10,16,6,6.4,6.4,82,203,48,89,51,5.87,0.94,26,14,35.7,13,5,3,15,28.0,19,0
2019-20,2019-2020,Moussa Sissoko,France,29,MF,MF,Tottenham,29,2452,25000000.0,2,1,3,2,2.2,2.2,72,96,16,80,9,1.36,0.15,39,25,41.7,27,43,4,15,52.0,21,2
2019-20,2019-2020,Robert Snodgrass,Scotland,31,MF,MF,West Ham,24,1509,6000000.0,5,5,10,5,2.5,2.5,44,57,33,30,9,3.28,0.48,29,16,29.5,4,11,1,11,35.0,25,0
2019-20,2019-2020,Dale Stephens,England,30,MF,MF,Brighton,33,2530,6000000.0,0,1,1,0,0.6,0.6,9,160,20,140,19,1.78,0.11,73,44,33.3,58,42,11,20,46.3,13,2
2019-20,2019-2020,Marco Stiepermann,Germany,28,MF,MF,Norwich City,24,1180,4000000.0,0,0,0,0,1.5,1.5,35,46,12,34,8,2.44,0.23,20,8,23.8,5,16,3,8,21.1,21,0
2019-20,2019-2020,Alexander Tettey,Norway,33,MF,MF,Norwich City,30,2338,2000000.0,1,1,2,1,0.8,0.8,19,54,5,63,4,0.92,0.04,23,18,28.2,43,72,9,11,54.7,8,1
2019-20,2019-2020,Youri Tielemans,Belgium,22,MF,MF,Leicester City,37,2828,55000000.0,3,6,9,3,2.7,2.7,46,215,52,170,40,3.5,0.32,52,29,32.4,22,18,4,39,45.5,27,0
2019-20,2019-2020,Lucas Torreira,Uruguay,23,MF,MF,Arsenal,29,1512,45000000.0,1,1,2,1,1.4,1.4,13,83,15,52,5,2.02,0.12,31,16,41.0,34,24,8,16,32.3,9,0
2019-20,2019-2020,Tom Trybull,Germany,26,MF,MF,Norwich City,16,1130,4000000.0,0,0,0,0,0.5,0.5,3,33,3,34,0,0.72,0.16,39,25,26.7,16,35,5,15,62.2,7,0
2019-20,2019-2020,Theo Walcott,England,30,MF,MF,Everton,25,1287,15000000.0,2,3,5,2,3.1,3.1,34,34,19,20,17,2.87,0.56,13,8,20.0,8,1,0,13,30.4,22,0
2019-20,2019-2020,James Ward-Prowse,England,24,MF,MF,Southampton,38,3420,18000000.0,5,3,8,4,7.3,4.8,17,170,62,144,33,3.05,0.16,92,48,41.5,60,75,14,34,51.9,21,1
2019-20,2019-2020,Ashley Westwood,England,29,MF,MF,Burnley,35,3150,7000000.0,2,6,8,2,1.1,1.1,22,177,54,172,33,3.03,0.23,54,33,35.4,32,32,11,12,37.5,11,3
2019-20,2019-2020,Georginio Wijnaldum,Netherlands,28,MF,MF,Liverpool,37,2935,50000000.0,4,0,4,4,2.6,2.6,74,137,18,131,23,1.69,0.12,38,20,25.0,17,34,4,14,37.0,30,3
2019-20,2019-2020,Harry Wilson,Wales,22,MF,MF,Bournemouth,31,1646,25000000.0,7,0,7,7,4.0,4.0,29,66,14,42,22,2.68,0.22,23,13,32.4,11,15,2,24,21.4,21,1
2019-20,2019-2020,Harry Winks,England,23,MF,MF,Tottenham,31,2221,40000000.0,0,0,0,0,0.5,0.5,44,190,18,148,12,1.95,0.24,40,24,31.5,36,32,8,19,63.6,15,1
2019-20,2019-2020,Granit Xhaka,Switzerland,26,MF,MF,Arsenal,31,2586,40000000.0,1,2,3,1,0.5,0.5,38,237,16,197,22,1.53,0.1,45,25,45.5,21,59,16,16,45.5,12,3
2019-20,2019-2020,Andriy Yarmolenko,Ukraine,29,MF,MF,West Ham,23,991,15000000.0,5,1,6,5,2.4,2.4,40,41,19,17,11,3.27,0.45,13,8,25.0,6,4,1,2,23.5,11,0
2020-21,2020-2021,Thiago Alcántara,Spain,29,MF,MF,Liverpool,24,1854,48000000.0,1,0,1,1,1.2,1.2,27,203,30,205,24,3.93,0.15,61,36,34.7,30,14,0,26,50.0,18,0
2020-21,2020-2021,Allan,Brazil,29,MF,MF,Everton,24,2051,28000000.0,0,0,0,0,0.3,0.3,30,92,17,88,16,1.71,0.09,80,45,29.5,19,25,12,19,26.7,18,1
2020-21,2020-2021,Miguel Almirón,Paraguay,26,MF,MF,Newcastle Utd,34,2429,17500000.0,4,1,5,4,3.2,3.2,70,90,31,64,23,2.82,0.22,49,29,25.0,25,20,4,19,32.0,34,1
2020-21,2020-2021,Stuart Armstrong,Scotland,28,MF,MF,Southampton,33,2764,6500000.0,4,5,9,4,2.7,2.7,109,144,35,80,40,2.96,0.49,60,41,36.0,24,19,1,25,32.0,68,0
2020-21,2020-2021,Ross Barkley,England,26,MF,MF,Aston Villa,24,1531,21500000.0,3,1,4,3,3.1,3.1,40,88,39,46,25,4.47,0.29,6,2,20.0,5,6,1,8,48.8,32,1
2020-21,2020-2021,Jóhann Berg Guðmundsson,Iceland,29,MF,MF,Burnley,22,1363,6500000.0,2,0,2,2,1.2,1.2,25,31,9,25,12,1.78,0.0,19,11,47.8,17,19,2,9,41.3,12,0
2020-21,2020-2021,Sander Berge,Norway,22,MF,MF,Sheffield Utd,15,1120,20000000.0,1,1,2,0,1.2,0.4,39,39,13,28,4,1.85,0.08,16,7,46.7,4,18,2,9,51.6,13,0
2020-21,2020-2021,Yves Bissouma,Mali,23,MF,MF,Brighton,36,3111,9500000.0,1,0,1,1,1.4,1.4,55,146,16,145,16,1.71,0.09,104,68,49.3,64,67,6,36,63.3,29,0
2020-21,2020-2021,Robbie Brady,Ireland,28,MF,MF,Burnley,19,1052,4800000.0,1,1,2,1,0.8,0.8,14,26,7,23,6,1.63,0.17,22,15,34.3,9,29,0,16,47.5,9,1
2020-21,2020-2021,Josh Brownhill,England,24,MF,MF,Burnley,33,2813,7000000.0,0,1,1,0,1.9,1.9,22,83,18,64,16,1.89,0.16,45,27,34.1,69,39,11,22,54.3,15,0
2020-21,2020-2021,Dani Ceballos,Spain,23,MF,MF,Arsenal,25,1615,32000000.0,0,3,3,0,0.6,0.6,54,150,27,125,18,3.79,0.28,37,22,41.2,35,14,6,17,38.1,15,1
2020-21,2020-2021,Jack Cork,England,31,MF,MF,Burnley,16,1350,8000000.0,0,0,0,0,0.2,0.2,8,37,8,43,4,1.47,0.0,26,10,35.5,16,20,4,11,53.3,13,0
2020-21,2020-2021,Hélder Costa,Angola,26,MF,MF,Leeds United,22,1156,12000000.0,3,3,6,3,2.2,2.2,47,28,8,4,10,1.48,0.47,25,11,34.4,3,5,0,11,14.8,20,1
2020-21,2020-2021,Stuart Dallas,Northern Ireland,29,MF,MF,Leeds United,38,3409,4000000.0,8,2,10,8,4.2,4.2,95,233,26,154,38,2.35,0.18,74,45,34.1,44,52,3,38,44.4,34,1
2020-21,2020-2021,Tom Davies,England,22,MF,MF,Everton,25,1423,18000000.0,0,1,1,0,0.2,0.2,11,49,6,42,5,1.65,0.13,31,18,41.0,34,21,9,6,41.7,10,2
2020-21,2020-2021,Kevin De Bruyne,Belgium,29,MF,MF,Manchester City,25,1997,120000000.0,6,12,18,4,9.3,6.9,102,213,77,125,76,6.67,0.81,34,21,27.1,9,10,1,25,28.6,33,0
2020-21,2020-2021,Leander Dendoncker,Belgium,25,MF,MF,Wolves,33,2503,22500000.0,1,0,1,1,3.1,3.1,15,88,17,68,8,1.65,0.22,54,29,51.7,27,52,15,23,57.8,11,2
2020-21,2020-2021,Ibrahima Diallo,France,21,MF,MF,Southampton,22,1020,15000000.0,0,0,0,0,0.5,0.5,11,46,9,46,5,1.68,0.09,29,16,56.3,10,12,1,9,37.0,15,2
2020-21,2020-2021,Grady Diangana,Democratic Republic of the Congo,22,MF,MF,West Brom,20,1235,4500000.0,1,0,1,1,1.1,1.1,25,32,5,13,8,1.89,0.07,35,19,44.2,16,9,2,14,40.0,38,0
2020-21,2020-2021,Moussa Djenepo,Mali,22,MF,MF,Southampton,27,1240,13000000.0,1,0,1,1,0.8,0.8,28,32,6,13,11,2.25,0.29,52,27,44.4,10,14,2,22,26.2,17,0
2020-21,2020-2021,Abdoulaye Doucouré,Mali,27,MF,MF,Everton,29,2443,25000000.0,2,3,5,2,2.3,2.3,34,104,21,65,23,1.84,0.26,52,32,32.6,39,31,7,17,66.7,26,1
2020-21,2020-2021,Mohamed Elneny,Egypt,28,MF,MF,Arsenal,23,1544,10000000.0,1,0,1,1,0.4,0.4,17,99,4,77,5,1.11,0.06,14,6,25.0,24,20,4,7,22.6,4,2
2020-21,2020-2021,Eberechi Eze,England,22,MF,MF,Crystal Palace,34,2559,9000000.0,4,6,10,4,2.2,2.2,79,127,43,70,32,3.34,0.42,27,14,45.7,24,9,3,16,29.3,37,1
2020-21,2020-2021,Bruno Fernandes,Portugal,25,MF,MF,Manchester Utd,37,3099,90000000.0,18,12,30,9,16.1,8.2,80,285,95,193,90,5.34,0.73,57,30,26.0,26,29,0,38,26.8,37,0
2020-21,2020-2021,Fernandinho,Brazil,35,MF,MF,Manchester City,21,1188,4000000.0,0,2,2,0,0.7,0.7,31,114,14,124,13,2.35,0.23,31,17,46.5,23,17,2,9,62.5,4,0
2020-21,2020-2021,John Fleck,Scotland,28,MF,MF,Sheffield Utd,31,2575,8000000.0,0,2,2,0,0.6,0.6,54,151,33,110,22,2.52,0.1,51,33,31.3,28,12,4,22,37.5,24,1
2020-21,2020-2021,Fred,Brazil,27,MF,MF,Manchester Utd,30,2390,17500000.0,1,0,1,1,1.8,1.8,31,189,25,189,20,2.94,0.26,81,39,32.6,45,26,9,40,39.1,30,1
2020-21,2020-2021,Conor Gallagher,England,20,MF,MF,West Brom,30,2531,5400000.0,2,2,4,2,1.5,1.5,32,97,20,75,12,1.64,0.07,81,41,29.9,27,31,8,39,37.9,36,0
2020-21,2020-2021,André Gomes,Portugal,27,MF,MF,Everton,28,1570,24000000.0,0,1,1,0,0.5,0.5,30,103,15,79,14,2.41,0.17,35,23,29.3,10,12,1,18,57.6,31,1
2020-21,2020-2021,Pascal Groß,Germany,29,MF,MF,Brighton,34,2484,9500000.0,3,8,11,0,4.9,1.7,57,165,70,102,46,4.56,0.36,45,24,45.3,23,18,4,21,33.8,17,1
2020-21,2020-2021,İlkay Gündoğan,Germany,29,MF,MF,Manchester City,28,2029,40000000.0,13,2,15,12,9.0,7.4,69,167,40,133,31,3.91,0.4,25,15,25.6,20,9,4,9,45.8,13,0
2020-21,2020-2021,Jack Harrison,England,23,MF,MF,Leeds United,36,2847,5200000.0,8,8,16,8,5.8,5.8,108,98,59,48,52,3.7,0.47,63,38,44.1,15,21,2,28,39.4,63,0
2020-21,2020-2021,Kai Havertz,Germany,21,MF,MF,Chelsea,27,1520,81000000.0,4,3,7,4,5.5,5.5,47,74,18,38,20,2.9,0.41,18,9,22.2,4,22,0,25,46.7,25,1
2020-21,2020-2021,Isaac Hayden,England,25,MF,MF,Newcastle Utd,24,1942,10000000.0,0,0,0,0,0.7,0.7,7,47,7,44,4,0.97,0.0,52,29,40.0,43,47,9,23,62.2,14,0
2020-21,2020-2021,Jordan Henderson,England,30,MF,MF,Liverpool,21,1704,28000000.0,1,1,2,1,1.3,1.3,46,169,14,179,30,1.9,0.21,24,15,38.5,34,30,1,11,64.7,5,0
2020-21,2020-2021,Jeff Hendrick,Ireland,28,MF,MF,Newcastle Utd,22,1422,9000000.0,2,1,3,2,1.1,1.1,7,37,6,32,5,1.27,0.25,8,3,7.7,19,18,9,5,28.9,15,0
2020-21,2020-2021,Pierre Højbjerg,Denmark,24,MF,MF,Tottenham,38,3420,12000000.0,2,4,6,2,1.1,1.1,36,218,16,208,17,1.55,0.26,98,51,41.9,48,66,9,42,54.4,20,0
2020-21,2020-2021,Curtis Jones,England,19,MF,MF,Liverpool,24,1179,1800000.0,1,2,3,1,1.7,1.7,42,89,12,87,23,3.05,0.31,16,6,48.0,19,11,0,13,43.8,32,1
2020-21,2020-2021,Jorginho,Italy,28,MF,MF,Chelsea,28,2010,50000000.0,7,1,8,0,7.3,0.2,16,145,24,142,23,2.42,0.09,57,30,40.8,40,21,5,28,56.7,14,3
2020-21,2020-2021,N'Golo Kanté,France,29,MF,MF,Chelsea,30,2146,80000000.0,0,2,2,0,0.6,0.6,38,116,22,96,12,2.1,0.04,79,42,48.2,59,34,4,38,37.8,15,0
2020-21,2020-2021,Mateusz Klich,Poland,30,MF,MF,Leeds United,35,2393,4000000.0,4,5,9,2,3.0,1.4,70,184,44,105,40,4.02,0.56,38,20,23.0,11,16,4,9,41.9,22,0
2020-21,2020-2021,Adam Lallana,England,32,MF,MF,Brighton,30,1596,8000000.0,1,1,2,1,1.6,1.6,33,109,25,61,26,3.16,0.23,28,13,20.5,15,13,3,15,27.8,15,0
2020-21,2020-2021,Mario Lemina,Gabon,26,MF,MF,Fulham,28,1703,10500000.0,1,0,1,1,0.7,0.7,19,78,12,57,12,1.43,0.11,62,35,52.3,30,21,5,21,47.9,22,0
2020-21,2020-2021,Jesse Lingard,England,27,MF,MF,West Ham,16,1421,22000000.0,9,4,13,8,4.5,2.8,59,75,18,55,23,3.99,0.76,12,6,35.7,4,0,1,6,0.0,22,0
2020-21,2020-2021,Jake Livermore,England,30,MF,MF,West Brom,18,1242,5500000.0,0,0,0,0,0.3,0.3,0,26,5,23,2,0.65,0.07,33,18,45.2,16,26,6,15,41.4,7,0
2020-21,2020-2021,Giovani Lo Celso,Argentina,24,MF,MF,Tottenham,18,945,40000000.0,1,1,2,1,1.4,1.4,21,71,15,52,12,3.05,0.38,28,22,34.5,7,5,1,11,48.3,14,0
2020-21,2020-2021,Ruben Loftus-Cheek,England,24,MF,MF,Fulham,30,1909,24000000.0,1,0,1,1,3.4,3.4,57,82,17,57,13,2.92,0.0,25,14,30.4,7,18,2,18,37.3,41,0
2020-21,2020-2021,Sean Longstaff,England,22,MF,MF,Newcastle Utd,22,1412,17500000.0,0,1,1,0,1.4,1.4,5,45,12,42,1,1.85,0.19,31,14,42.9,19,14,5,21,36.7,6,2
2020-21,2020-2021,Douglas Luiz,Brazil,22,MF,MF,Aston Villa,33,2781,18000000.0,0,2,2,0,1.2,1.2,47,131,19,134,13,1.68,0.23,49,18,34.5,43,44,17,35,50.6,18,2
2020-21,2020-2021,John Lundstram,England,26,MF,MF,Sheffield Utd,28,2032,8000000.0,0,2,2,0,1.9,1.1,35,78,20,64,14,2.21,0.22,25,16,27.7,14,29,8,18,43.3,19,1
2020-21,2020-2021,Alexis Mac Allister,Argentina,21,MF,MF,Brighton,21,1115,11000000.0,1,1,2,1,1.3,1.3,15,48,15,26,16,2.74,0.16,26,12,28.9,9,4,4,21,26.9,16,0
2020-21,2020-2021,James Maddison,England,23,MF,MF,Leicester City,31,2099,50000000.0,8,5,13,8,3.8,3.8,43,134,51,103,33,4.85,0.43,32,16,34.1,9,5,1,13,15.4,33,0
2020-21,2020-2021,Ainsley Maitland-Niles,England,22,MF,MF,West Brom,15,1230,14500000.0,0,0,0,0,0.6,0.6,25,47,4,28,9,1.61,0.15,22,10,32.1,17,24,1,11,20.8,24,0
2020-21,2020-2021,Nemanja Matić,Serbia,31,MF,MF,Manchester Utd,20,1106,16000000.0,0,0,0,0,0.3,0.3,40,86,8,78,11,1.95,0.24,25,11,41.9,22,10,5,14,65.5,8,3
2020-21,2020-2021,James McArthur,Scotland,32,MF,MF,Crystal Palace,18,1466,5000000.0,0,2,2,0,0.3,0.3,15,80,15,59,6,1.41,0.18,57,32,38.5,23,31,3,25,61.8,10,0
2020-21,2020-2021,John McGinn,Scotland,25,MF,MF,Aston Villa,37,3330,16000000.0,3,5,8,3,2.5,2.5,33,221,42,199,36,3.24,0.41,61,37,32.1,43,23,6,32,30.4,35,2
2020-21,2020-2021,Dwight McNeil,England,20,MF,MF,Burnley,36,3069,18000000.0,2,5,7,2,1.1,1.1,102,101,48,76,39,2.73,0.29,47,24,32.1,32,32,6,38,40.9,62,1
2020-21,2020-2021,Scott McTominay,Scotland,23,MF,MF,Manchester Utd,32,2129,22500000.0,4,1,5,4,2.1,2.1,57,118,17,115,9,1.4,0.13,51,24,63.9,29,46,10,25,61.5,17,0
2020-21,2020-2021,Nampalys Mendy,Senegal,28,MF,MF,Leicester City,23,1459,8000000.0,0,1,1,0,0.1,0.1,16,66,5,75,1,1.36,0.12,26,17,35.0,14,8,1,11,36.4,11,0
2020-21,2020-2021,Luka Milivojević,Serbia,29,MF,MF,Crystal Palace,31,2359,16000000.0,1,1,2,0,2.4,0.8,12,120,21,117,10,1.87,0.11,65,34,54.5,35,47,6,23,63.5,19,2
2020-21,2020-2021,James Milner,England,34,MF,MF,Liverpool,26,1070,8000000.0,0,1,1,0,0.4,0.4,21,100,13,66,21,2.27,0.08,26,19,33.3,14,16,3,27,58.5,12,1
2020-21,2020-2021,Mason Mount,England,21,MF,MF,Chelsea,36,2890,40500000.0,6,5,11,5,6.3,5.5,131,233,87,149,47,5.26,0.44,75,35,36.2,31,14,2,38,36.8,41,0
2020-21,2020-2021,João Moutinho,Portugal,33,MF,MF,Wolves,33,2528,8000000.0,1,1,2,1,0.6,0.6,32,169,46,131,19,3.42,0.21,75,40,38.5,47,28,3,15,48.6,11,0
2020-21,2020-2021,Wilfred Ndidi,Nigeria,23,MF,MF,Leicester City,26,2176,36000000.0,1,4,5,1,0.7,0.7,7,73,16,95,4,1.61,0.33,96,63,39.4,61,55,11,27,64.4,14,0
2020-21,2020-2021,Rúben Neves,Portugal,23,MF,MF,Wolves,36,2675,50000000.0,5,1,6,2,5.1,2.7,22,212,33,214,25,2.62,0.13,86,46,40.9,65,46,11,44,51.0,16,2
2020-21,2020-2021,Oliver Norwood,Northern Ireland,29,MF,MF,Sheffield Utd,32,2220,9000000.0,0,0,0,0,0.5,0.5,7,125,31,134,27,2.15,0.04,49,22,29.2,36,51,12,17,46.9,7,1
2020-21,2020-2021,Ben Osborn,England,25,MF,MF,Sheffield Utd,24,1604,2000000.0,1,0,1,1,1.1,1.1,27,77,17,53,27,1.91,0.0,33,18,32.5,12,17,3,17,41.4,25,0
2020-21,2020-2021,Thomas Partey,Ghana,27,MF,MF,Arsenal,24,1534,40000000.0,0,2,2,0,1.3,1.3,33,121,12,143,11,1.82,0.18,44,21,42.9,23,18,5,12,56.1,10,0
2020-21,2020-2021,Matheus Pereira,Brazil,24,MF,MF,West Brom,33,2577,15000000.0,11,6,17,7,7.3,4.2,79,115,59,63,42,4.12,0.35,26,15,22.2,29,16,0,18,28.3,45,0
2020-21,2020-2021,Ayoze Pérez,Spain,27,MF,MF,Leicester City,25,1331,24000000.0,2,1,3,2,3.3,3.3,39,54,23,32,22,3.45,0.27,32,15,27.1,10,7,0,28,26.1,24,0
2020-21,2020-2021,Kalvin Phillips,England,24,MF,MF,Leeds United,29,2428,40000000.0,1,2,3,1,0.5,0.5,13,137,35,114,18,2.59,0.07,74,38,41.9,45,53,14,35,46.9,16,3
2020-21,2020-2021,Matt Phillips,Scotland,29,MF,MF,West Brom,33,1828,5500000.0,2,1,3,2,2.8,2.8,47,51,26,26,21,2.26,0.1,15,8,30.4,10,32,4,28,30.8,25,1
2020-21,2020-2021,Daniel Podence,Portugal,24,MF,MF,Wolves,24,1661,15000000.0,3,2,5,3,2.5,2.5,47,72,21,47,20,3.25,0.32,12,6,10.5,13,2,1,4,31.8,24,0
2020-21,2020-2021,Paul Pogba,France,27,MF,MF,Manchester Utd,26,1897,80000000.0,3,3,6,3,2.8,2.8,46,139,26,132,26,3.41,0.33,36,26,33.3,26,37,2,22,62.5,50,0
2020-21,2020-2021,Raphinha,Brazil,23,MF,MF,Leeds United,30,2360,30000000.0,6,9,15,6,5.7,5.7,102,97,64,79,40,4.58,0.57,34,17,20.7,29,27,1,30,20.0,34,0
2020-21,2020-2021,Nathan Redmond,England,26,MF,MF,Southampton,29,1738,18000000.0,2,3,5,2,3.1,3.1,70,75,29,32,30,3.26,0.26,30,17,33.3,11,9,2,22,27.8,37,0
2020-21,2020-2021,Harrison Reed,England,25,MF,MF,Fulham,31,2247,2400000.0,0,2,2,0,0.4,0.4,24,127,21,102,16,1.76,0.12,63,38,39.7,50,31,11,23,41.7,10,1
2020-21,2020-2021,Declan Rice,England,21,MF,MF,West Ham,32,2879,49500000.0,2,1,3,1,3.2,1.6,74,169,22,125,18,1.84,0.19,59,35,41.2,59,41,11,28,58.9,19,0
2020-21,2020-2021,Jaïro Riedewald,Netherlands,23,MF,MF,Crystal Palace,33,1820,8000000.0,2,0,2,2,0.6,0.6,15,73,11,59,8,0.94,0.0,34,15,44.4,29,25,7,32,57.1,9,0
2020-21,2020-2021,Tyler Roberts,Wales,21,MF,MF,Leeds United,27,1340,6000000.0,1,2,3,1,1.8,1.8,33,53,16,29,17,2.62,0.13,15,13,22.7,9,12,2,15,45.2,15,0
2020-21,2020-2021,Rodri,Spain,24,MF,MF,Manchester City,34,2748,64000000.0,2,2,4,1,2.4,1.6,42,227,29,217,20,2.78,0.29,72,40,50.0,36,54,9,14,71.8,22,3
2020-21,2020-2021,Rodrigo,Spain,29,MF,MF,Leeds United,26,1288,30000000.0,7,2,9,7,5.1,5.1,30,80,31,42,21,4.75,0.56,14,7,18.2,5,16,0,7,41.1,21,0
2020-21,2020-2021,Oriol Romeu,Spain,28,MF,MF,Southampton,21,1763,8000000.0,1,1,2,1,0.5,0.5,25,91,14,75,16,2.09,0.2,69,35,38.2,30,18,7,21,52.5,18,0
2020-21,2020-2021,Romaine Sawyers,kn SKN,28,MF,MF,West Brom,19,1487,3200000.0,0,0,0,0,0.1,0.1,11,67,6,58,4,1.15,0.12,30,18,32.6,18,12,4,16,72.2,10,3
2020-21,2020-2021,Jeffrey Schlupp,Ghana,27,MF,MF,Crystal Palace,27,1428,10000000.0,2,3,5,2,1.9,1.9,37,44,18,29,11,2.21,0.32,29,16,26.1,22,16,8,16,40.0,41,0
2020-21,2020-2021,Jonjo Shelvey,England,28,MF,MF,Newcastle Utd,30,2617,14500000.0,1,3,4,1,2.5,2.5,20,132,37,143,21,2.48,0.28,39,14,27.0,36,42,14,12,55.1,5,0
2020-21,2020-2021,Gylfi Sigurðsson,Iceland,30,MF,MF,Everton,36,2253,18000000.0,6,5,11,3,6.5,3.4,24,81,44,55,22,2.99,0.28,30,20,29.5,34,21,2,29,31.3,28,1
2020-21,2020-2021,Bernardo Silva,Portugal,25,MF,MF,Manchester City,26,2065,80000000.0,2,6,8,2,2.8,2.8,123,116,26,71,31,3.66,0.52,26,14,21.2,17,8,1,16,29.5,23,0
2020-21,2020-2021,Moussa Sissoko,France,30,MF,MF,Tottenham,25,1585,20000000.0,0,0,0,0,0.2,0.2,32,57,4,42,6,0.97,0.11,22,16,40.0,23,25,4,7,42.1,14,0
2020-21,2020-2021,Emile Smith Rowe,England,20,MF,MF,Arsenal,20,1440,28000000.0,2,4,6,2,1.8,1.8,51,68,27,45,14,3.06,0.44,14,7,35.3,10,12,1,14,28.6,7,0
2020-21,2020-2021,Tomáš Souček,Czech Republic,25,MF,MF,West Ham,38,3419,42000000.0,10,1,11,10,8.4,8.4,27,165,18,127,7,1.53,0.21,78,41,36.4,62,107,18,25,58.7,21,0
2020-21,2020-2021,Youri Tielemans,Belgium,23,MF,MF,Leicester City,38,3357,44000000.0,6,4,10,4,4.4,2.8,52,272,49,223,41,3.38,0.43,86,45,41.7,46,20,8,27,54.8,35,1
2020-21,2020-2021,Andros Townsend,England,29,MF,MF,Crystal Palace,34,2258,9500000.0,1,5,6,1,2.3,2.3,72,75,40,42,41,3.03,0.36,78,41,38.0,41,19,2,46,9.5,56,0
2020-21,2020-2021,Leandro Trossard,Belgium,25,MF,MF,Brighton,35,2607,17000000.0,5,5,10,5,4.6,4.6,73,142,50,80,58,3.79,0.38,33,14,27.8,26,7,2,32,15.4,60,1
2020-21,2020-2021,Theo Walcott,England,31,MF,MF,Southampton,21,1618,10000000.0,3,3,6,3,2.3,2.3,37,37,17,13,13,1.72,0.33,23,11,34.4,14,5,0,16,31.4,27,0
2020-21,2020-2021,James Ward-Prowse,England,25,MF,MF,Southampton,38,3420,32000000.0,8,7,15,5,5.7,2.5,34,189,60,155,22,2.76,0.32,75,49,41.4,42,60,4,32,42.3,14,0
2020-21,2020-2021,Ashley Westwood,England,30,MF,MF,Burnley,38,3410,5500000.0,3,3,6,3,1.2,1.2,21,231,53,204,83,2.8,0.13,23,15,23.8,44,33,9,17,38.9,11,0
2020-21,2020-2021,Georginio Wijnaldum,Netherlands,29,MF,MF,Liverpool,38,2941,40000000.0,2,0,2,2,2.6,2.6,62,133,21,125,16,2.08,0.21,23,7,22.6,26,18,3,15,51.3,27,1
2020-21,2020-2021,Joe Willock,England,20,MF,MF,Newcastle Utd,14,978,22000000.0,8,0,8,8,3.9,3.0,23,29,8,21,7,2.57,0.28,26,13,21.4,17,15,3,18,37.9,16,1
2020-21,2020-2021,Granit Xhaka,Switzerland,27,MF,MF,Arsenal,31,2522,24000000.0,1,2,3,1,0.9,0.9,41,276,17,271,26,1.79,0.18,50,26,51.7,24,38,7,16,52.7,12,3
2020-21,2020-2021,Okay Yokuşlu,Turkey,26,MF,MF,West Brom,16,1317,6000000.0,0,1,1,0,0.9,0.9,5,54,6,39,2,0.96,0.21,38,25,48.6,35,33,3,12,60.3,9,1
2020-21,2020-2021,Hakim Ziyech,Morocco,27,MF,MF,Chelsea,23,1172,45000000.0,2,3,5,2,1.9,1.9,27,91,34,46,28,5.6,0.46,14,10,26.3,10,2,1,8,21.7,16,0
2021-22,2021-2022,Thiago Alcántara,Spain,30,MF,MF,Liverpool,25,1534,25000000.0,1,4,5,1,1.9,1.9,24,214,29,211,26,3.93,0.35,48,29,23.8,26,13,2,20,72.1,13,2
2021-22,2021-2022,Allan,Brazil,30,MF,MF,Everton,28,2183,18000000.0,0,2,2,0,0.2,0.2,26,130,15,103,20,1.57,0.29,74,44,32.4,23,39,9,31,42.3,24,1
2021-22,2021-2022,Miguel Almirón,Paraguay,27,MF,MF,Newcastle Utd,30,1716,16000000.0,1,0,1,1,1.7,1.7,44,46,16,26,5,2.57,0.21,47,29,25.0,20,13,1,13,26.3,24,0
2021-22,2021-2022,Stuart Armstrong,Scotland,29,MF,MF,Southampton,25,1473,6000000.0,2,0,2,2,2.5,2.5,63,83,25,46,23,3.3,0.18,27,19,39.1,8,15,1,9,21.4,27,0
2021-22,2021-2022,Shandon Baptiste,gd GRN,23,MF,MF,Brentford,22,910,3000000.0,1,0,1,1,0.7,0.7,14,35,9,21,6,2.07,0.1,14,4,40.0,11,12,0,10,28.0,12,0
2021-22,2021-2022,Rodrigo Bentancur,Uruguay,24,MF,MF,Tottenham,17,1361,40000000.0,0,4,4,0,0.8,0.8,20,76,15,81,4,2.51,0.46,36,18,50.0,20,35,9,15,53.8,13,0
2021-22,2021-2022,Jóhann Berg Guðmundsson,Iceland,30,MF,MF,Burnley,18,1102,3000000.0,0,1,1,0,1.6,1.6,27,16,6,7,11,1.88,0.16,16,6,25.0,12,22,2,9,42.9,19,0
2021-22,2021-2022,Yves Bissouma,Mali,24,MF,MF,Brighton,26,2111,32000000.0,1,2,3,1,0.9,0.9,40,92,8,73,13,1.32,0.17,76,49,56.8,50,49,3,30,51.6,25,0
2021-22,2021-2022,Josh Brownhill,England,25,MF,MF,Burnley,35,2955,7000000.0,2,3,5,2,1.4,1.4,18,106,40,97,22,2.28,0.09,73,37,39.6,68,42,12,25,59.5,18,1
2021-22,2021-2022,Tom Cleverley,England,31,MF,MF,Watford,28,1616,2000000.0,0,2,2,0,0.7,0.7,8,64,20,42,8,2.0,0.17,37,20,54.5,18,19,6,17,32.6,16,3
2021-22,2021-2022,Jack Cork,England,32,MF,MF,Burnley,20,1670,3000000.0,1,0,1,1,0.7,0.7,12,46,6,45,5,0.59,0.0,20,6,35.0,17,29,4,13,55.3,20,1
2021-22,2021-2022,Philippe Coutinho,Brazil,29,MF,MF,Aston Villa,19,1329,20000000.0,5,3,8,5,3.8,3.8,48,94,25,71,16,4.19,0.54,17,12,28.6,7,4,1,10,22.7,20,0
2021-22,2021-2022,Kevin De Bruyne,Belgium,30,MF,MF,Manchester City,30,2201,80000000.0,15,8,23,15,5.7,5.7,84,204,87,143,65,6.22,0.57,32,16,32.4,6,16,2,30,37.9,20,0
2021-22,2021-2022,Leander Dendoncker,Belgium,26,MF,MF,Wolves,30,1950,22000000.0,2,2,4,2,2.2,2.2,9,64,11,52,4,1.25,0.32,42,17,44.0,9,38,10,27,47.6,9,1
2021-22,2021-2022,Kiernan Dewsbury-Hall,England,22,MF,MF,Leicester City,28,2105,8000000.0,1,2,3,1,1.2,1.2,82,132,35,103,26,3.29,0.26,39,24,47.5,21,26,8,29,41.0,46,1
2021-22,2021-2022,Ibrahima Diallo,France,22,MF,MF,Southampton,23,1023,12000000.0,0,2,2,0,0.4,0.4,17,57,16,43,3,2.64,0.26,22,11,41.7,9,10,0,7,47.8,13,0
2021-22,2021-2022,Abdoulaye Doucouré,Mali,28,MF,MF,Everton,30,2537,25000000.0,2,4,6,2,2.2,2.2,33,113,19,81,19,2.02,0.25,75,43,45.1,28,32,8,25,48.6,22,0
2021-22,2021-2022,Mohamed Elyounoussi,Norway,26,MF,MF,Southampton,30,2042,12000000.0,4,2,6,4,5.5,5.5,59,81,28,39,19,2.51,0.26,36,17,28.2,12,28,2,21,45.2,38,0
2021-22,2021-2022,Christian Eriksen,Denmark,29,MF,MF,Brentford,11,939,25000000.0,1,4,5,1,1.3,1.3,21,82,30,84,17,5.46,0.67,13,6,47.1,9,14,1,8,45.5,9,0
2021-22,2021-2022,Fabinho,Brazil,27,MF,MF,Liverpool,29,2314,60000000.0,5,1,6,3,3.9,2.4,18,134,16,151,12,2.06,0.19,46,25,34.3,39,25,10,23,64.2,13,1
2021-22,2021-2022,Bruno Fernandes,Portugal,26,MF,MF,Manchester Utd,36,3111,75000000.0,10,6,16,10,9.7,8.1,78,237,88,170,81,4.48,0.32,54,28,28.6,17,42,0,36,38.8,40,2
2021-22,2021-2022,Fernandinho,Brazil,36,MF,MF,Manchester City,19,964,2000000.0,2,1,3,2,1.6,1.6,16,81,10,74,17,2.8,0.37,21,10,33.3,8,13,2,6,59.5,7,1
2021-22,2021-2022,Adam Forshaw,England,29,MF,MF,Leeds United,22,1530,2000000.0,0,1,1,0,0.5,0.5,19,80,13,68,8,2.06,0.12,53,23,38.9,19,12,1,16,50.0,11,2
2021-22,2021-2022,Fred,Brazil,28,MF,MF,Manchester Utd,28,2028,22000000.0,4,4,8,4,1.3,1.3,17,138,28,131,13,2.49,0.4,63,27,27.8,32,24,11,27,53.6,25,0
2021-22,2021-2022,Conor Gallagher,England,21,MF,MF,Crystal Palace,34,2845,32000000.0,8,3,11,8,6.3,6.3,42,94,38,86,20,2.88,0.32,69,38,30.4,29,26,9,49,38.3,50,0
2021-22,2021-2022,Billy Gilmour,Scotland,20,MF,MF,Norwich City,24,1855,15000000.0,0,1,1,0,0.9,0.9,30,112,25,94,17,2.67,0.1,41,21,26.9,17,29,4,17,39.4,11,0
2021-22,2021-2022,Anthony Gordon,England,20,MF,MF,Everton,35,2285,40000000.0,4,2,6,4,3.5,3.5,74,51,35,27,21,3.03,0.2,54,32,35.6,22,17,3,46,30.9,37,0
2021-22,2021-2022,Demarai Gray,Jamaica,25,MF,MF,Everton,34,2338,22000000.0,5,4,9,5,4.0,4.0,93,59,41,23,23,3.39,0.19,30,19,45.5,15,21,2,28,11.4,36,1
2021-22,2021-2022,Pascal Groß,Germany,30,MF,MF,Brighton,29,2038,8000000.0,2,4,6,2,2.9,2.1,39,149,60,94,37,4.41,0.31,28,15,36.4,18,23,8,26,41.7,15,0
2021-22,2021-2022,Bruno Guimarães,Brazil,23,MF,MF,Newcastle Utd,17,1034,60000000.0,5,1,6,5,3.1,3.1,18,54,12,41,13,2.7,0.35,44,23,55.3,9,13,6,19,30.8,29,0
2021-22,2021-2022,İlkay Gündoğan,Germany,30,MF,MF,Manchester City,27,1857,25000000.0,8,4,12,8,9.0,9.0,60,126,38,95,22,4.07,0.44,23,9,38.7,15,10,1,10,47.8,19,0
2021-22,2021-2022,Isaac Hayden,England,26,MF,MF,Newcastle Utd,14,1002,10000000.0,1,0,1,1,0.4,0.4,3,15,2,20,0,0.54,0.09,28,14,41.4,14,24,8,9,55.9,8,0
2021-22,2021-2022,Jordan Henderson,England,31,MF,MF,Liverpool,35,2597,15000000.0,2,5,7,2,1.5,1.5,54,245,38,215,52,3.33,0.49,36,20,38.6,23,14,1,24,58.1,12,0
2021-22,2021-2022,Son Heung-min,South Korea,29,MF,MF,Tottenham,35,3006,80000000.0,23,7,30,23,15.9,15.9,116,90,72,33,42,4.04,0.39,15,6,21.7,13,8,6,21,31.4,46,0
2021-22,2021-2022,Callum Hudson-Odoi,England,20,MF,MF,Chelsea,15,962,32000000.0,1,2,3,1,2.5,2.5,67,41,25,9,18,5.15,0.56,14,10,34.8,2,6,0,8,33.3,20,1
2021-22,2021-2022,Will Hughes,England,26,MF,MF,Crystal Palace,16,1053,7000000.0,0,1,1,0,0.1,0.1,5,38,9,31,6,1.97,0.34,29,14,43.8,8,10,7,6,35.5,9,0
2021-22,2021-2022,Pierre Højbjerg,Denmark,25,MF,MF,Tottenham,36,3196,45000000.0,2,2,4,2,1.9,1.9,46,242,25,229,36,2.42,0.2,78,45,44.7,48,54,13,48,54.8,22,0
2021-22,2021-2022,Alex Iwobi,Nigeria,25,MF,MF,Everton,28,2035,18000000.0,2,2,4,2,2.3,2.3,44,103,36,61,40,2.92,0.31,40,19,40.4,20,25,3,36,30.0,27,2
2021-22,2021-2022,Vitaly Janelt,Germany,23,MF,MF,Brentford,31,2298,16000000.0,4,0,4,4,2.4,2.4,25,103,23,80,13,2.23,0.12,61,32,50.9,28,35,7,16,56.9,11,0
2021-22,2021-2022,Mathias Jensen,Denmark,25,MF,MF,Brentford,31,1601,14000000.0,0,1,1,0,2.9,2.9,14,103,35,74,28,3.71,0.17,33,18,34.9,22,13,3,29,30.4,15,0
2021-22,2021-2022,Joelinton,Brazil,24,MF,MF,Newcastle Utd,35,2558,32000000.0,4,1,5,4,3.3,3.3,45,92,29,68,17,2.36,0.18,72,38,42.6,34,50,11,35,50.5,60,2
2021-22,2021-2022,Jorginho,Italy,29,MF,MF,Chelsea,29,2273,45000000.0,6,2,8,0,5.8,0.3,18,178,27,186,36,2.77,0.32,64,33,34.9,36,21,4,23,33.3,19,1
2021-22,2021-2022,N'Golo Kanté,France,30,MF,MF,Chelsea,26,1773,30000000.0,2,4,6,2,1.5,1.5,72,159,24,105,29,3.5,0.81,59,31,62.5,31,8,2,35,50.0,28,0
2021-22,2021-2022,Naby Keïta,Guinea,26,MF,MF,Liverpool,23,1173,30000000.0,3,1,4,3,2.2,2.2,39,75,15,56,21,3.53,0.46,46,23,61.9,14,8,2,31,28.6,10,0
2021-22,2021-2022,Mateusz Klich,Poland,31,MF,MF,Leeds United,33,2073,4000000.0,1,2,3,1,2.8,2.8,45,105,31,72,23,3.34,0.35,47,25,37.9,11,20,4,18,35.0,22,0
2021-22,2021-2022,Robin Koch,Germany,25,MF,MF,Leeds United,20,1574,18000000.0,0,0,0,0,0.8,0.8,3,52,5,47,6,1.37,0.11,21,13,26.5,20,44,10,16,50.6,6,0
2021-22,2021-2022,Cheikhou Kouyaté,Senegal,31,MF,MF,Crystal Palace,27,1974,4000000.0,0,1,1,0,0.5,0.5,7,54,5,44,3,0.68,0.05,52,38,46.2,38,39,14,26,63.3,11,0
2021-22,2021-2022,Juraj Kucka,Slovakia,34,MF,MF,Watford,26,1920,2000000.0,1,1,2,1,3.2,3.2,21,60,10,41,7,1.97,0.09,59,39,37.0,27,46,9,21,54.4,19,2
2021-22,2021-2022,Dejan Kulusevski,Sweden,21,MF,MF,Tottenham,18,1261,50000000.0,5,8,13,5,2.7,2.7,51,35,25,15,24,3.64,0.93,19,13,21.7,13,3,0,14,27.3,18,0
2021-22,2021-2022,Adam Lallana,England,33,MF,MF,Brighton,24,1561,2500000.0,0,1,1,0,1.1,1.1,17,76,8,58,17,1.62,0.23,34,17,29.3,16,13,6,10,65.2,15,1
2021-22,2021-2022,Manuel Lanzini,Argentina,28,MF,MF,West Ham,30,1786,12000000.0,5,3,8,2,3.7,1.3,29,119,23,87,22,3.02,0.45,28,15,28.6,19,10,0,16,22.7,16,0
2021-22,2021-2022,Pierre Lees-Melou,France,28,MF,MF,Norwich City,33,2265,4500000.0,1,0,1,1,1.6,1.6,33,114,25,81,26,2.18,0.08,58,36,27.2,25,23,11,26,48.3,17,0
2021-22,2021-2022,Aaron Lennon,England,34,MF,MF,Burnley,28,1551,1000000.0,2,0,2,2,1.1,1.1,38,19,9,14,4,1.92,0.23,33,17,29.4,9,14,4,22,25.0,13,0
2021-22,2021-2022,Ruben Loftus-Cheek,England,25,MF,MF,Chelsea,24,1394,25000000.0,0,2,2,0,1.2,1.2,69,108,18,77,20,3.62,0.39,29,10,52.6,11,17,6,9,66.7,33,0
2021-22,2021-2022,Sean Longstaff,England,23,MF,MF,Newcastle Utd,24,1464,22000000.0,1,1,2,1,0.7,0.7,2,43,7,44,4,1.6,0.18,54,34,36.9,9,18,6,12,41.9,18,0
2021-22,2021-2022,Douglas Luiz,Brazil,23,MF,MF,Aston Villa,34,2715,35000000.0,2,3,5,2,2.0,2.0,28,105,37,107,19,2.95,0.3,59,39,29.2,34,28,7,23,44.8,17,1
2021-22,2021-2022,Alexis Mac Allister,Argentina,22,MF,MF,Brighton,33,2123,32000000.0,5,2,7,3,6.3,4.0,30,137,31,104,25,3.52,0.21,65,40,42.6,13,22,7,30,51.1,23,0
2021-22,2021-2022,James Maddison,England,24,MF,MF,Leicester City,35,2459,55000000.0,12,8,20,12,7.5,7.5,53,136,48,82,38,3.88,0.66,40,20,30.4,11,12,3,15,29.4,32,0
2021-22,2021-2022,Nemanja Matić,Serbia,32,MF,MF,Manchester Utd,23,1382,8000000.0,0,4,4,0,0.2,0.2,32,98,13,97,7,1.96,0.39,31,18,48.4,31,21,6,15,62.2,21,3
2021-22,2021-2022,James McArthur,Scotland,33,MF,MF,Crystal Palace,21,1439,1500000.0,0,3,3,0,0.3,0.3,29,84,16,64,19,2.19,0.25,33,23,36.4,30,27,9,14,41.5,14,0
2021-22,2021-2022,John McGinn,Scotland,26,MF,MF,Aston Villa,35,3090,30000000.0,3,4,7,3,1.5,1.5,52,196,51,163,48,3.0,0.17,106,64,51.9,35,34,6,47,56.4,28,0
2021-22,2021-2022,Kenny McLean,Scotland,29,MF,MF,Norwich City,31,2706,3000000.0,1,0,1,1,1.8,1.8,32,99,10,73,21,1.36,0.07,42,22,28.8,34,54,7,22,48.6,14,0
2021-22,2021-2022,Dwight McNeil,England,21,MF,MF,Burnley,38,3107,22000000.0,0,1,1,0,2.3,2.3,93,104,47,67,43,3.24,0.17,78,49,45.2,35,31,11,53,44.8,51,1
2021-22,2021-2022,Scott McTominay,Scotland,24,MF,MF,Manchester Utd,30,2387,30000000.0,1,1,2,1,1.4,1.4,40,125,23,113,9,1.92,0.23,65,33,49.2,31,60,10,35,66.3,32,1
2021-22,2021-2022,Nampalys Mendy,Senegal,29,MF,MF,Leicester City,14,1032,5000000.0,0,0,0,0,0.0,0.0,9,36,1,39,0,0.44,0.26,12,6,35.3,11,11,4,3,35.7,9,1
2021-22,2021-2022,Jakub Moder,Poland,22,MF,MF,Brighton,28,1701,12000000.0,0,3,3,0,2.6,2.6,42,89,16,57,20,2.17,0.21,42,25,54.8,10,22,2,23,40.3,19,1
2021-22,2021-2022,Mason Mount,England,22,MF,MF,Chelsea,32,2363,75000000.0,11,10,21,10,8.0,7.2,92,164,58,70,61,4.53,0.72,41,16,29.4,13,12,1,17,16.2,34,0
2021-22,2021-2022,João Moutinho,Portugal,34,MF,MF,Wolves,35,2970,2000000.0,2,1,3,2,1.3,1.3,42,196,39,170,18,2.48,0.12,74,39,28.3,34,36,8,40,39.5,20,2
2021-22,2021-2022,Enock Mwepu,Zambia,23,MF,MF,Brighton,18,996,20000000.0,2,4,6,2,2.1,2.1,22,27,9,18,4,2.35,0.63,22,12,18.5,12,19,2,18,23.7,9,0
2021-22,2021-2022,Marvelous Nakamba,Zimbabwe,27,MF,MF,Aston Villa,16,904,7000000.0,0,0,0,0,0.0,0.0,5,24,2,33,1,1.0,0.0,32,19,35.3,12,17,4,10,45.5,10,1
2021-22,2021-2022,Wilfred Ndidi,Nigeria,24,MF,MF,Leicester City,19,1618,60000000.0,0,0,0,0,0.7,0.7,14,57,2,36,4,1.0,0.11,60,32,40.0,42,54,8,28,56.8,15,1
2021-22,2021-2022,Rúben Neves,Portugal,24,MF,MF,Wolves,33,2661,42000000.0,4,2,6,4,1.1,1.1,34,202,25,200,30,2.27,0.14,68,37,27.6,41,49,5,34,42.2,17,3
2021-22,2021-2022,Mathias Normann,Norway,25,MF,MF,Norwich City,23,1645,13000000.0,1,2,3,1,0.9,0.9,16,75,13,59,14,2.02,0.16,34,21,37.0,19,43,8,9,64.3,17,1
2021-22,2021-2022,Christian Nørgaard,Denmark,27,MF,MF,Brentford,35,3054,14000000.0,3,4,7,3,3.8,3.8,17,169,29,149,24,1.71,0.18,109,60,51.5,64,58,9,39,42.4,26,1
2021-22,2021-2022,Frank Onyeka,Nigeria,23,MF,MF,Brentford,20,1045,10000000.0,0,0,0,0,0.8,0.8,18,35,4,23,7,1.46,0.09,25,17,29.6,14,13,2,14,41.7,14,0
2021-22,2021-2022,Thomas Partey,Ghana,28,MF,MF,Arsenal,24,2028,40000000.0,2,1,3,2,2.8,2.8,20,119,17,120,12,2.71,0.18,43,29,40.9,23,35,4,18,47.9,17,2
2021-22,2021-2022,Kalvin Phillips,England,25,MF,MF,Leeds United,20,1596,50000000.0,0,1,1,0,0.7,0.7,6,93,9,79,12,1.69,0.23,54,25,42.1,24,18,9,28,37.0,16,0
2021-22,2021-2022,Christian Pulisic,United States,22,MF,MF,Chelsea,22,1290,50000000.0,6,2,8,6,4.9,4.9,44,38,15,19,6,2.51,0.35,10,7,17.6,5,10,0,12,30.0,25,0
2021-22,2021-2022,Jacob Ramsey,England,20,MF,MF,Aston Villa,34,2467,28000000.0,6,1,7,6,4.0,4.0,91,132,21,92,21,2.74,0.22,67,44,43.5,24,28,7,29,32.0,36,0
2021-22,2021-2022,Nathan Redmond,England,27,MF,MF,Southampton,27,1833,18000000.0,1,5,6,1,1.7,1.7,71,95,34,38,44,3.58,0.39,22,14,23.3,8,16,2,19,28.9,15,0
2021-22,2021-2022,Declan Rice,England,22,MF,MF,West Ham,36,3179,80000000.0,1,4,5,1,1.1,1.1,104,256,24,256,26,2.21,0.25,80,42,53.5,63,52,21,24,60.9,20,1
2021-22,2021-2022,Tyler Roberts,Wales,22,MF,MF,Leeds United,23,987,8000000.0,1,1,2,1,2.4,2.4,17,29,15,17,10,2.74,0.09,16,7,56.3,5,11,1,10,25.8,14,0
2021-22,2021-2022,Rodri,Spain,25,MF,MF,Manchester City,33,2884,80000000.0,7,2,9,7,2.3,2.3,43,285,29,284,37,2.9,0.19,72,43,54.2,28,45,5,23,72.0,23,0
2021-22,2021-2022,Rodrigo,Spain,30,MF,MF,Leeds United,31,2265,15000000.0,6,1,7,5,4.2,3.5,47,105,38,54,31,3.18,0.16,20,9,12.5,11,27,0,12,26.2,27,1
2021-22,2021-2022,Oriol Romeu,Spain,29,MF,MF,Southampton,36,2889,5000000.0,2,2,4,2,1.4,1.4,38,156,37,148,23,2.31,0.12,77,39,38.4,51,43,8,31,58.8,16,0
2021-22,2021-2022,Albert Sambi Lokonga,Belgium,21,MF,MF,Arsenal,19,1134,15000000.0,0,0,0,0,0.6,0.6,28,84,18,68,14,3.09,0.0,22,18,85.7,13,12,7,5,42.9,8,4
2021-22,2021-2022,Jeffrey Schlupp,Ghana,28,MF,MF,Crystal Palace,32,1851,8000000.0,4,1,5,4,3.4,3.4,31,70,18,46,12,2.24,0.34,46,25,48.0,18,32,9,30,44.3,33,0
2021-22,2021-2022,Nélson Semedo,Portugal,27,MF,MF,Wolves,25,2131,18000000.0,0,1,1,0,1.6,1.6,79,78,18,62,12,1.86,0.04,58,39,51.0,21,64,4,19,35.7,27,1
2021-22,2021-2022,Jonjo Shelvey,England,29,MF,MF,Newcastle Utd,24,1983,11000000.0,2,1,3,2,0.9,0.9,11,84,16,91,9,1.95,0.05,30,17,41.2,22,20,7,15,50.0,5,2
2021-22,2021-2022,Bernardo Silva,Portugal,26,MF,MF,Manchester City,35,2857,80000000.0,8,4,12,8,6.7,6.7,146,170,59,106,42,4.32,0.54,57,29,46.3,20,19,2,22,31.8,25,0
2021-22,2021-2022,Moussa Sissoko,France,31,MF,MF,Watford,36,3220,3500000.0,2,1,3,2,3.8,3.7,51,116,37,95,24,2.1,0.08,53,27,66.7,30,64,13,29,55.2,53,0
2021-22,2021-2022,Oliver Skipp,England,20,MF,MF,Tottenham,18,1350,20000000.0,0,0,0,0,0.2,0.2,27,76,8,78,11,1.6,0.2,33,19,48.4,12,10,7,12,54.5,11,1
2021-22,2021-2022,Emile Smith Rowe,England,21,MF,MF,Arsenal,33,1921,38000000.0,10,2,12,10,6.0,6.0,65,85,30,41,20,3.14,0.28,14,7,20.0,15,10,1,17,28.0,25,1
2021-22,2021-2022,Tomáš Souček,Czech Republic,26,MF,MF,West Ham,35,3062,45000000.0,5,1,6,5,5.5,4.8,36,141,21,105,12,1.23,0.12,66,32,43.1,52,98,13,21,48.5,16,1
2021-22,2021-2022,Boubakary Soumaré,France,22,MF,MF,Leicester City,19,1102,28000000.0,0,1,1,0,0.4,0.4,10,45,6,38,5,1.47,0.16,19,13,47.1,14,18,1,12,71.1,13,0
2021-22,2021-2022,Youri Tielemans,Belgium,24,MF,MF,Leicester City,32,2631,40000000.0,6,4,10,4,4.4,2.8,31,202,37,171,28,3.45,0.51,74,38,42.0,21,41,13,34,55.8,30,3
2021-22,2021-2022,Andros Townsend,England,30,MF,MF,Everton,21,1455,7000000.0,3,2,5,2,2.2,1.5,41,50,31,24,26,3.4,0.25,31,17,37.5,14,6,2,26,28.0,19,1
2021-22,2021-2022,James Ward-Prowse,England,26,MF,MF,Southampton,36,3215,35000000.0,10,5,15,6,5.4,2.2,21,189,71,169,16,3.7,0.2,41,24,27.1,40,45,15,28,44.3,25,1
2021-22,2021-2022,Ashley Westwood,England,31,MF,MF,Burnley,27,2287,4000000.0,0,3,3,0,0.6,0.6,12,130,33,118,32,2.52,0.31,21,12,32.3,30,16,9,12,40.9,14,1
2021-22,2021-2022,Joe Willock,England,21,MF,MF,Newcastle Utd,29,2038,30000000.0,2,0,2,2,3.2,3.2,48,58,18,38,7,2.25,0.18,64,37,42.6,21,10,6,31,40.0,20,1
2021-22,2021-2022,Harry Winks,England,25,MF,MF,Tottenham,19,912,17000000.0,0,1,1,0,0.1,0.1,10,73,11,79,13,2.86,0.39,15,10,38.1,16,10,3,11,50.0,6,2
2021-22,2021-2022,Granit Xhaka,Switzerland,28,MF,MF,Arsenal,27,2327,28000000.0,1,2,3,1,1.4,1.4,39,230,32,194,41,3.36,0.19,32,18,39.0,21,31,6,15,48.2,23,0
2021-22,2021-2022,Hakim Ziyech,Morocco,28,MF,MF,Chelsea,23,1319,35000000.0,4,3,7,4,3.4,3.4,50,88,29,48,28,4.57,0.41,19,10,27.8,10,10,1,10,46.2,24,0
2021-22,2021-2022,Martin Ødegaard,Norway,22,MF,MF,Arsenal,36,2785,60000000.0,7,4,11,7,4.8,4.8,57,224,77,113,71,5.14,0.48,49,21,36.1,11,11,1,17,37.8,48,1
2022-23,2022-2023,Brenden Aaronson,United States,21,MF,MF,Leeds United,36,2372,20000000.0,1,3,4,1,3.9,3.9,43,86,46,47,16,3.6,0.27,45,18,32.6,5,6,3,40,17.0,82,1
2022-23,2022-2023,Tyler Adams,United States,23,MF,MF,Leeds United,24,2156,17000000.0,0,0,0,0,0.1,0.1,19,136,24,110,13,1.79,0.04,89,46,64.9,35,29,8,40,62.5,18,0
2022-23,2022-2023,Thiago Alcántara,Spain,31,MF,MF,Liverpool,18,1254,18000000.0,0,0,0,0,0.4,0.4,13,120,17,110,20,2.87,0.14,43,24,60.9,21,13,3,12,36.8,22,2
2022-23,2022-2023,Carlos Alcaraz,Argentina,19,MF,MF,Southampton,18,1029,15000000.0,4,2,6,4,1.9,1.9,20,28,5,20,6,1.92,0.35,10,5,27.3,1,11,5,9,20.6,24,0
2022-23,2022-2023,Joe Aribo,Nigeria,26,MF,MF,Southampton,21,1224,15000000.0,2,0,2,2,1.5,1.5,19,39,9,20,9,1.99,0.15,31,20,55.0,10,11,1,13,41.1,22,0
2022-23,2022-2023,Mikkel Damsgaard,Denmark,22,MF,MF,Brentford,26,988,15000000.0,0,0,0,0,2.6,2.6,9,44,11,36,10,2.28,0.18,31,21,35.7,10,14,2,18,52.6,6,0
2022-23,2022-2023,Danilo,Brazil,21,MF,MF,Nott'ham Forest,13,976,28000000.0,3,2,5,3,1.5,1.5,13,34,9,24,7,2.12,0.55,18,7,24.0,9,19,6,20,22.2,8,0
2022-23,2022-2023,Kiernan Dewsbury-Hall,England,23,MF,MF,Leicester City,31,2306,25000000.0,2,2,4,2,2.4,2.4,68,132,39,111,23,3.04,0.35,53,29,40.4,28,21,13,42,53.6,32,0
2022-23,2022-2023,Abdoulaye Doucouré,Mali,29,MF,MF,Everton,25,1533,18000000.0,5,2,7,5,2.4,2.4,23,38,22,29,10,2.65,0.18,31,20,32.4,13,11,3,23,30.2,13,0
2022-23,2022-2023,Cheick Doucouré,Mali,22,MF,MF,Crystal Palace,34,2769,35000000.0,0,3,3,0,1.4,1.4,18,140,26,110,11,1.98,0.2,77,46,55.8,56,48,13,34,50.8,20,0
2022-23,2022-2023,Fabinho,Brazil,28,MF,MF,Liverpool,36,2671,55000000.0,0,2,2,0,0.7,0.7,15,161,17,131,17,1.85,0.27,65,38,38.7,37,40,11,27,58.8,12,0
2022-23,2022-2023,Enzo Fernández,Argentina,21,MF,MF,Chelsea,18,1547,6500000.0,0,2,2,0,0.8,0.8,22,168,20,164,25,3.43,0.35,45,27,37.5,16,12,2,30,41.2,13,1
2022-23,2022-2023,Son Heung-min,South Korea,30,MF,MF,Tottenham,36,2888,70000000.0,10,6,16,10,10.1,10.1,82,79,61,32,32,3.8,0.4,24,12,30.0,13,6,2,21,24.3,55,0
2022-23,2022-2023,Alex Iwobi,Nigeria,26,MF,MF,Everton,38,3378,28000000.0,2,7,9,2,2.5,2.5,90,194,64,134,63,3.2,0.24,69,37,50.8,25,29,2,39,26.3,42,0
2022-23,2022-2023,Jorginho,Italy,30,MF,MF,Chelsea,18,1279,35000000.0,2,0,2,0,1.7,0.1,13,80,7,87,9,2.04,0.14,42,23,47.8,21,7,3,15,42.1,9,0
2022-23,2022-2023,Orel Mangala,Belgium,24,MF,MF,Nott'ham Forest,27,1550,15000000.0,1,1,2,1,0.6,0.6,14,43,3,35,3,0.76,0.06,28,20,41.4,23,15,7,14,55.0,9,0
2022-23,2022-2023,Weston McKennie,United States,23,MF,MF,Leeds United,19,1437,21000000.0,0,1,1,0,0.8,0.8,14,82,13,50,15,1.82,0.19,30,13,34.5,22,26,3,19,52.1,25,0
2022-23,2022-2023,João Moutinho,Portugal,35,MF,MF,Wolves,31,1780,1500000.0,0,2,2,0,1.3,1.3,23,132,36,105,23,3.34,0.15,51,30,41.3,18,20,6,16,25.8,7,0
2022-23,2022-2023,Rúben Neves,Portugal,25,MF,MF,Wolves,35,3019,40000000.0,6,1,7,3,5.2,2.8,28,218,32,202,15,2.38,0.09,79,43,42.1,50,85,22,37,50.0,13,1
2022-23,2022-2023,Matheus Nunes,Portugal,23,MF,MF,Wolves,34,2467,30000000.0,1,1,2,1,2.4,2.4,59,84,27,70,19,2.15,0.18,67,43,45.9,16,35,4,31,42.3,39,2
2022-23,2022-2023,Amadou Onana,Belgium,20,MF,MF,Everton,33,2488,45000000.0,1,2,3,1,3.0,3.0,27,79,22,77,11,1.63,0.07,72,43,71.4,37,39,6,19,52.2,17,0
2022-23,2022-2023,Lucas Paquetá,Brazil,24,MF,MF,West Ham,28,2151,45000000.0,4,3,7,3,4.4,3.6,25,147,32,98,30,3.3,0.5,71,53,39.7,16,31,4,37,52.9,44,0
2022-23,2022-2023,Andreas Pereira,Brazil,26,MF,MF,Fulham,33,2692,18000000.0,4,6,10,3,7.3,6.5,53,121,60,86,22,3.94,0.4,18,9,23.5,6,8,3,18,24.3,51,0
2022-23,2022-2023,Marc Roca,Spain,25,MF,MF,Leeds United,32,2315,7000000.0,1,2,3,1,2.1,2.1,25,172,33,157,17,2.02,0.16,66,40,30.8,23,24,10,24,58.1,26,2
2022-23,2022-2023,Joe Rothwell,England,27,MF,MF,Bournemouth,20,1016,4000000.0,0,1,1,0,0.1,0.1,12,33,8,34,11,2.12,0.18,20,13,33.3,9,7,3,11,25.0,4,0
2022-23,2022-2023,Jeffrey Schlupp,Ghana,29,MF,MF,Crystal Palace,34,2531,8000000.0,3,1,4,3,3.2,3.2,32,98,18,59,11,1.56,0.18,66,46,51.2,23,38,8,31,37.1,33,0
2022-23,2022-2023,Oliver Skipp,England,21,MF,MF,Tottenham,23,1491,15000000.0,1,0,1,1,0.3,0.3,14,56,10,52,7,1.63,0.06,34,17,48.5,17,19,8,9,21.9,16,1
2022-23,2022-2023,Boubakary Soumaré,France,23,MF,MF,Leicester City,26,1629,25000000.0,0,0,0,0,0.0,0.0,17,73,11,80,5,1.27,0.06,57,34,52.3,33,27,4,11,56.3,22,1
2023-24,2023-2024,Sofyan Amrabat,Morocco,26,MF,MF,Manchester Utd,21,938,22000000.0,0,0,0,0,0.1,0.1,6,66,6,62,6,1.82,0.1,27,16,54.8,8,19,7,13,45.5,11,2
2023-24,2023-2024,Elliot Anderson,England,20,MF,MF,Newcastle Utd,21,1027,22000000.0,0,2,2,0,1.5,1.5,37,57,15,36,12,2.98,0.26,24,18,51.7,8,23,4,19,61.3,22,0
2023-24,2023-2024,Oliver Arblaster,England,19,MF,MF,Sheffield Utd,12,943,450000.0,0,0,0,0,0.0,0.0,14,43,11,37,6,2.2,0.19,23,14,46.7,16,9,7,10,37.5,8,0
2023-24,2023-2024,Carlos Baleba,Cameroon,19,MF,MF,Brighton,27,1325,20000000.0,0,0,0,0,0.8,0.8,19,50,8,38,3,1.15,0.07,40,20,50.0,18,30,7,28,72.7,16,3
2023-24,2023-2024,Ross Barkley,England,29,MF,MF,Luton Town,32,2618,4500000.0,5,4,9,5,4.1,4.1,48,163,44,138,27,3.58,0.38,47,19,22.9,25,51,9,16,55.3,56,2
2023-24,2023-2024,Jean-Ricner Bellegarde,France,25,MF,MF,Wolves,22,958,18000000.0,2,1,3,2,1.6,1.6,30,39,12,17,7,2.81,0.19,17,10,46.7,8,14,2,16,23.5,19,0
2023-24,2023-2024,Jóhann Berg Guðmundsson,Iceland,32,MF,MF,Burnley,26,1192,1000000.0,1,3,4,1,1.9,1.9,13,59,35,36,18,3.78,0.38,13,4,43.8,16,16,0,14,40.0,15,0
2023-24,2023-2024,Philip Billing,Denmark,27,MF,MF,Bournemouth,29,1398,18000000.0,2,2,4,2,2.5,2.5,22,53,23,39,15,2.96,0.32,33,16,33.3,20,28,5,26,60.0,17,1
2023-24,2023-2024,Yves Bissouma,Mali,26,MF,MF,Tottenham,28,2068,30000000.0,0,0,0,0,1.4,1.4,43,169,11,156,12,1.91,0.13,80,52,67.2,37,43,5,23,48.3,30,3
2023-24,2023-2024,Andre Brooks,England,19,MF,MF,Sheffield Utd,20,938,2500000.0,0,0,0,0,0.4,0.4,12,18,3,11,5,0.86,0.0,22,13,42.9,14,20,1,12,44.0,19,0
2023-24,2023-2024,Jacob Brown,Scotland,25,MF,MF,Luton Town,19,1019,4000000.0,2,0,2,2,2.8,2.8,25,19,8,6,3,1.33,0.0,19,12,38.9,8,22,1,19,44.3,25,0
2023-24,2023-2024,Josh Brownhill,England,27,MF,MF,Burnley,33,2252,18000000.0,4,2,6,4,1.9,1.9,19,90,34,71,16,2.8,0.24,61,35,73.0,34,40,8,25,50.7,14,1
2023-24,2023-2024,Moisés Caicedo,Ecuador,21,MF,MF,Chelsea,35,2866,90000000.0,1,3,4,1,0.4,0.4,27,173,23,176,20,2.07,0.38,91,46,60.0,37,44,25,34,49.2,24,4
2023-24,2023-2024,Casemiro,Brazil,31,MF,MF,Manchester Utd,25,1982,15000000.0,1,2,3,1,3.5,3.5,12,112,16,124,18,1.86,0.18,83,56,48.1,18,71,33,41,65.6,17,1
2023-24,2023-2024,Tahith Chong,Netherlands,23,MF,MF,Luton Town,33,1982,6000000.0,4,0,4,4,2.7,2.7,57,72,10,35,20,2.22,0.18,36,22,45.5,8,11,6,24,29.0,40,1
2023-24,2023-2024,Jordan Clark,England,29,MF,MF,Luton Town,23,1304,1000000.0,1,1,2,1,1.0,1.0,21,51,12,19,18,2.0,0.07,30,17,28.2,11,15,3,21,54.5,21,1
2023-24,2023-2024,Josh Cullen,Ireland,27,MF,MF,Burnley,25,2057,13000000.0,2,3,5,2,0.6,0.6,22,123,26,119,17,2.89,0.35,42,29,56.5,15,26,19,12,44.2,10,1
2023-24,2023-2024,Danilo,Brazil,22,MF,MF,Nott'ham Forest,29,1792,28000000.0,2,2,4,2,1.8,1.8,22,82,20,74,14,2.41,0.2,36,18,45.7,35,42,8,26,58.3,13,0
2023-24,2023-2024,Kevin De Bruyne,Belgium,32,MF,MF,Manchester City,18,1221,45000000.0,4,10,14,4,2.4,2.4,47,111,59,67,56,7.36,1.18,14,9,35.0,4,4,0,5,54.5,20,0
2023-24,2023-2024,Cheick Doucouré,Mali,23,MF,MF,Crystal Palace,11,919,35000000.0,0,0,0,0,0.3,0.3,9,49,10,39,5,2.25,0.29,34,17,60.0,20,12,2,11,35.7,8,0
2023-24,2023-2024,Tommy Doyle,England,21,MF,MF,Wolves,26,1222,10000000.0,0,0,0,0,0.4,0.4,21,81,8,86,7,1.91,0.37,26,13,60.9,12,18,9,13,0.0,7,0
2023-24,2023-2024,Wataru Endo,Japan,30,MF,MF,Liverpool,29,1722,13000000.0,1,0,1,1,0.5,0.5,10,101,16,109,18,2.82,0.16,48,28,32.8,20,31,2,22,53.4,22,3
2023-24,2023-2024,Christian Eriksen,Denmark,31,MF,MF,Manchester Utd,22,1141,18000000.0,1,2,3,1,1.0,1.0,20,68,27,66,17,3.63,0.24,18,13,36.4,4,13,6,11,12.5,14,0
2023-24,2023-2024,Eberechi Eze,England,25,MF,MF,Crystal Palace,27,2055,60000000.0,11,4,15,10,9.1,8.3,68,93,54,48,45,4.82,0.48,35,17,48.4,11,6,2,25,33.3,48,0
2023-24,2023-2024,Bruno Fernandes,Portugal,28,MF,MF,Manchester Utd,35,3118,65000000.0,10,8,18,6,10.0,6.1,86,297,114,187,89,6.06,0.55,68,38,34.1,27,50,6,43,45.7,35,2
2023-24,2023-2024,Conor Gallagher,England,23,MF,MF,Chelsea,37,3128,40000000.0,5,7,12,5,4.2,4.2,62,172,52,135,32,3.14,0.4,85,52,42.9,43,34,11,39,47.2,39,0
2023-24,2023-2024,Idrissa Gana Gueye,Senegal,33,MF,MF,Everton,25,1884,2000000.0,4,0,4,4,1.3,1.3,29,83,15,70,9,2.48,0.19,73,44,63.0,28,16,7,17,59.1,20,0
2023-24,2023-2024,James Garner,England,22,MF,MF,Everton,37,3004,16000000.0,1,2,3,1,2.7,2.7,36,100,44,98,24,2.94,0.24,83,44,42.7,45,47,14,31,48.9,10,1
2023-24,2023-2024,Billy Gilmour,Scotland,22,MF,MF,Brighton,30,2120,18000000.0,0,1,1,0,1.0,1.0,39,193,22,183,33,2.93,0.25,26,16,31.4,11,14,9,14,35.5,9,1
2023-24,2023-2024,João Gomes,Brazil,22,MF,MF,Wolves,34,2649,40000000.0,2,1,3,2,1.7,1.7,28,101,20,73,23,2.21,0.14,128,74,44.4,18,29,8,43,41.9,44,2
2023-24,2023-2024,Ryan Gravenberch,Netherlands,21,MF,MF,Liverpool,26,1121,35000000.0,1,0,1,1,2.0,2.0,39,78,16,35,27,3.54,0.0,26,12,41.4,14,11,2,18,41.7,13,0
2023-24,2023-2024,Bruno Guimarães,Brazil,25,MF,MF,Newcastle Utd,37,3263,85000000.0,7,8,15,7,4.8,4.8,65,283,62,184,70,3.94,0.52,88,53,51.9,35,20,14,38,43.9,70,0
2023-24,2023-2024,Gustavo Hamer,Netherlands,26,MF,MF,Sheffield Utd,36,2910,16000000.0,4,6,10,4,3.0,3.0,36,135,70,94,37,3.59,0.37,39,21,27.1,29,35,9,24,27.3,17,0
2023-24,2023-2024,Kai Havertz,Germany,24,MF,MF,Arsenal,37,2634,75000000.0,13,7,20,12,12.3,11.6,55,99,46,65,29,3.62,0.75,35,15,35.9,20,22,1,25,50.2,35,0
2023-24,2023-2024,Pierre Højbjerg,Denmark,27,MF,MF,Tottenham,36,1311,32000000.0,0,0,0,0,0.7,0.7,17,134,9,160,12,2.68,0.14,32,18,38.2,19,30,7,14,38.1,9,3
2023-24,2023-2024,Mathias Jensen,Denmark,27,MF,MF,Brentford,32,2204,28000000.0,3,3,6,3,0.7,0.7,19,123,41,88,41,3.55,0.33,54,32,27.4,23,25,6,35,31.3,18,1
2023-24,2023-2024,Curtis Jones,England,22,MF,MF,Liverpool,23,1167,30000000.0,1,1,2,1,2.6,2.6,31,74,11,64,14,2.78,0.23,27,14,43.5,7,8,0,22,36.8,33,0
2023-24,2023-2024,Jorginho,Italy,31,MF,MF,Arsenal,24,921,15000000.0,0,2,2,0,0.1,0.1,8,101,10,81,25,2.64,0.49,24,10,47.8,12,7,1,16,50.0,4,1
2023-24,2023-2024,Luca Koleosho,Italy,18,MF,MF,Burnley,15,974,6000000.0,1,1,2,1,2.0,2.0,53,19,11,9,6,2.59,0.56,7,4,20.0,2,0,0,13,6.9,14,0
2023-24,2023-2024,Jefferson Lerma,Colombia,28,MF,MF,Crystal Palace,28,2400,18000000.0,1,1,2,1,2.7,2.7,14,106,24,109,20,2.06,0.15,42,25,47.5,36,72,12,19,67.6,14,0
2023-24,2023-2024,Douglas Luiz,Brazil,25,MF,MF,Aston Villa,35,2993,55000000.0,9,5,14,5,6.9,3.8,60,168,53,137,39,3.52,0.3,58,38,47.2,23,18,8,24,58.1,31,2
2023-24,2023-2024,James Maddison,England,26,MF,MF,Tottenham,28,2135,70000000.0,4,9,13,4,6.4,6.4,58,224,67,130,59,6.79,0.8,33,19,51.7,13,10,3,12,33.3,34,1
2023-24,2023-2024,Orel Mangala,Belgium,25,MF,MF,Nott'ham Forest,20,1563,20000000.0,1,0,1,1,0.8,0.8,13,45,6,39,1,1.15,0.12,27,13,48.3,26,32,6,6,75.0,18,0
2023-24,2023-2024,Pape Matar Sarr,Senegal,20,MF,MF,Tottenham,34,2069,35000000.0,3,3,6,3,3.4,3.4,43,150,20,108,23,2.26,0.3,34,24,41.7,31,28,5,16,47.1,15,1
2023-24,2023-2024,Lewis Miley,England,17,MF,MF,Newcastle Utd,17,1202,2500000.0,1,3,4,1,1.2,1.2,14,53,12,26,12,2.32,0.37,33,21,46.9,8,18,3,17,47.8,10,2
2023-24,2023-2024,Marvelous Nakamba,Zimbabwe,29,MF,MF,Luton Town,13,1130,5000000.0,0,0,0,0,0.2,0.2,1,36,7,27,2,1.03,0.0,40,24,57.1,11,11,6,17,36.4,4,1
2023-24,2023-2024,Oliver Norwood,Northern Ireland,32,MF,MF,Sheffield Utd,27,1440,1500000.0,1,0,1,0,1.1,0.3,3,73,17,67,11,2.0,0.06,41,26,42.6,21,39,9,15,46.7,4,0
2023-24,2023-2024,Wilson Odobert,France,18,MF,MF,Burnley,29,2098,18000000.0,3,2,5,3,2.8,2.8,102,58,31,34,19,3.26,0.17,17,13,27.3,6,14,2,24,34.8,30,0
2023-24,2023-2024,Chiedozie Ogbene,Ireland,26,MF,MF,Luton Town,30,1995,8000000.0,4,1,5,4,4.2,4.2,127,53,25,24,18,3.56,0.41,17,10,54.5,7,34,3,11,54.9,21,2
2023-24,2023-2024,Amadou Onana,Belgium,21,MF,MF,Everton,30,2091,50000000.0,2,0,2,2,2.0,2.0,21,107,18,102,14,2.41,0.04,71,38,50.0,21,31,6,19,74.3,10,0
2023-24,2023-2024,Frank Onyeka,Nigeria,25,MF,MF,Brentford,26,1161,9000000.0,1,2,3,1,2.2,2.2,17,33,12,23,11,2.48,0.08,37,24,55.2,23,17,7,8,30.3,12,0
2023-24,2023-2024,João Palhinha,Portugal,28,MF,MF,Fulham,33,2699,55000000.0,4,1,5,4,3.3,3.3,8,97,13,96,7,1.1,0.07,152,75,67.8,46,58,9,48,56.3,26,0
2023-24,2023-2024,Andreas Pereira,Brazil,27,MF,MF,Fulham,37,2613,20000000.0,3,7,10,3,4.6,4.6,56,138,84,95,34,4.72,0.52,25,12,26.8,4,12,2,14,26.5,41,0
2023-24,2023-2024,Harrison Reed,England,28,MF,MF,Fulham,27,1325,13000000.0,0,2,2,0,0.3,0.3,10,56,14,40,15,1.97,0.34,29,18,41.9,11,24,9,10,40.9,13,0
2023-24,2023-2024,Declan Rice,England,24,MF,MF,Arsenal,38,3225,100000000.0,7,8,15,7,3.3,3.3,75,278,47,240,39,2.79,0.33,83,51,56.1,44,52,11,26,47.6,22,0
2023-24,2023-2024,Rodri,Spain,27,MF,MF,Manchester City,34,2931,100000000.0,8,9,17,8,4.1,4.1,76,376,49,378,61,4.82,0.71,70,43,48.3,26,41,8,24,71.1,32,4
2023-24,2023-2024,Pelly Ruddock Mpanzu,Democratic Republic of the Congo,30,MF,MF,Luton Town,27,1101,1500000.0,0,0,0,0,0.6,0.6,10,34,6,17,13,1.55,0.0,13,5,55.6,9,16,7,8,38.7,16,3
2023-24,2023-2024,Pablo Sarabia,Spain,31,MF,MF,Wolves,30,1745,12000000.0,4,7,11,2,5.5,3.9,41,109,51,59,40,4.49,0.57,20,13,33.3,10,9,1,16,25.0,23,0
2023-24,2023-2024,Alex Scott,England,19,MF,MF,Bournemouth,23,1014,20000000.0,1,1,2,1,0.7,0.7,24,50,22,22,15,3.91,0.27,24,15,42.9,12,18,4,10,38.9,11,2
2023-24,2023-2024,Dominik Szoboszlai,Hungary,22,MF,MF,Liverpool,33,2104,70000000.0,3,2,5,3,3.7,3.7,75,152,56,98,33,4.92,0.3,32,19,32.0,15,16,2,35,37.5,27,1
2023-24,2023-2024,Youri Tielemans,Belgium,26,MF,MF,Aston Villa,32,1622,30000000.0,2,6,8,2,1.3,1.3,23,128,18,101,25,2.72,0.89,41,20,40.0,15,9,3,20,59.1,22,0
2023-24,2023-2024,Andros Townsend,England,32,MF,MF,Luton Town,27,1210,1800000.0,1,3,4,1,1.2,1.2,47,35,18,23,16,2.68,0.45,21,13,48.1,5,10,0,12,0.0,26,0
2023-24,2023-2024,James Ward-Prowse,England,28,MF,MF,West Ham,37,3001,22000000.0,7,7,14,5,6.0,4.4,18,144,64,137,23,3.48,0.48,45,29,40.9,38,49,9,22,44.1,11,0
